0,51.5092542642049,-0.161044683143343,0,-0
0.5,51.5092542193221,-0.161044679788644,-0.0169782515002888,0.000791881315316514
1,51.5092548028794,-0.161044704647959,0.232632578594966,-0.00642239263058877
1.5,51.5092565554529,-0.161044676036011,0.500119916902149,0.0112495644535265
2,51.509259161895,-0.161044681208499,0.63587985316787,-0.00909566793820597
2.5,51.509262667085,-0.161044683173348,0.880825834504616,0.00590316242603574
3,51.5092672958073,-0.16104462922834,1.13437294398515,0.00860157653955296
3.5,51.5092725083524,-0.161044525090038,1.17773822915862,0.0185608769503401
4,51.5092784796828,-0.161044713682501,1.43441547685368,-0.0575101024515304
4.5,51.5092841371675,-0.161045018181795,1.13602000438293,-0.0316203612904339
5,51.5092896197631,-0.161045074203054,1.27873988265636,0.00891036725218837
5.5,51.509295551664,-0.161045041325197,1.3487989639152,0.00152359961446254
6,51.5093017067833,-0.161045139619355,1.38419656936587,-0.0242689677402271
6.5,51.5093077686848,-0.161045056253922,1.32415583477288,0.0366667802419052
7,51.509313427626,-0.161044892830586,1.21375275102261,0.0129095087434317
7.5,51.5093193586454,-0.161044836406354,1.39395650610779,0.00428234312369893
8,51.5093252425144,-0.161044914146735,1.24997785909271,-0.0213483363882069
8.5,51.5093312136287,-0.161045339837492,1.38376599809332,-0.0855408881296627
9,51.5093369164226,-0.161045698885886,1.18861422661693,-0.0248750957874095
9.5,51.5093428694637,-0.161045255943897,1.41988383909037,0.121969434350896
10,51.5093485951119,-0.161044420147217,1.17197705152933,0.111911952616723
10.5,51.5093542518667,-0.161044041755329,1.31945081490393,0.0109813670704231
11,51.509359777714,-0.161043815125845,1.16669954223234,0.0458091230762596
11.5,51.5093656189412,-0.16104370226484,1.3929272414808,-0.00542545447431476
12,51.5093712814027,-0.161043724509751,1.16694438652655,-0.00145311044217855
12.5,51.509377123559,-0.161043704524749,1.39310731917471,0.00573465199198564
13,51.5093828302701,-0.161043768971386,1.18355710019997,-0.0192269314651977
13.5,51.5093886253207,-0.161044021536905,1.36365925530336,-0.0461594133765923
14,51.5093942403317,-0.161044289759726,1.1694824614433,-0.031002585065509
14.5,51.5093999459518,-0.161044301438539,1.33968180253,0.0189450184859703
15,51.5094053341444,-0.161044430362057,1.10046593792665,-0.0436939873188867
15.5,51.5094109364978,-0.161045072303373,1.34892965795861,-0.120944826081807
16,51.5094167191743,-0.161045701256728,1.24321765562822,-0.0638034045481202
16.5,51.5094225133442,-0.161045926223189,1.3215637464392,-0.0084410660541476
17,51.5094283992167,-0.161046076007556,1.30141071250686,-0.0294479262862961
17.5,51.5094344620422,-0.161046428429532,1.38245551726214,-0.0625758190714386
18,51.5094403002694,-0.161046770420313,1.24076323813191,-0.0369239953810833
18.5,51.5094463205925,-0.161046984243842,1.40883099375306,-0.0246263312600347
19,51.5094519368987,-0.161047164779591,1.13835220449398,-0.025377097425007
19.5,51.5094579997258,-0.161047072552609,1.49659712549134,0.0395341779205167
20,51.5094637487313,-0.161046784962109,1.12711333607153,0.0402119001509015
20.5,51.5094692759042,-0.161046739618473,1.3018373057596,-0.0174449524292171
21,51.509474892579,-0.1610468784939,1.21338722640376,-0.0205701119333417
21.5,51.5094806373271,-0.161046671261535,1.32374982202367,0.0633163226519287
22,51.5094862024863,-0.161046474836204,1.17856118489917,0.00204481027828466
22.5,51.5094915921959,-0.161046760229229,1.21382424394771,-0.0687984359628641
23,51.5094972060409,-0.161046809549579,1.27392593715796,0.0365168299424483
23.5,51.5095026869003,-0.161046584706573,1.18154902330298,0.0275124336622132
24,51.5095083901811,-0.161046716548437,1.33035033311535,-0.05037998512255
24.5,51.509514094079,-0.161046938860777,1.22642283403851,-0.017210847807435
25,51.5095199356263,-0.161046832196619,1.35124206887614,0.0372256692415354
25.5,51.5095258669416,-0.161046768542694,1.29782600341792,-0.0110324605938627
26,51.5095316641254,-0.161046822036539,1.28447803998605,-0.00490449711518855
26.5,51.5095373643626,-0.16104716040603,1.25714868573754,-0.0764389440974579
27,51.5095431090232,-0.161047570611026,1.29308372166265,-0.0433215843862367
27.5,51.5095489002262,-0.161047365927205,1.28553522907758,0.078640697015126
28,51.509554781547,-0.161047120632305,1.32490890781453,0.00285333205500037
28.5,51.5095605785762,-0.161047126146619,1.26546154576824,-0.00329898523410959
29,51.5095663679427,-0.16104742499972,1.30417605067803,-0.0682349167722708
29.5,51.5095721994507,-0.161047975483579,1.29301716667899,-0.0821771313529909
30,51.5095780348846,-0.16104842579554,1.30231348851028,-0.0487720168586723
30.5,51.5095839624748,-0.161048761903789,1.3306668878651,-0.0451978333249893
31,51.5095897581513,-0.161048720119253,1.26091926030842,0.041501708361416
31.5,51.5095954194595,-0.16104862881776,1.25891381728048,-0.00749951282603012
32,51.5096011221653,-0.161048403173633,1.27597750325227,0.0585128631623643
32.5,51.5096066896295,-0.161048242531935,1.21287379483806,-0.00303960128440272
33,51.5096111767531,-0.161048589893806,0.8483756081653,-0.0798668893354882
33.5,51.509614855557,-0.161048912135253,0.797753485217635,-0.0201581170254781
34,51.5096172365262,-0.161048941957627,0.342244602281332,0.00707112516303636
34.5,51.5096183385638,-0.161048679754299,0.177307084242406,0.0569431780498699
35,51.509619494124,-0.161047915604631,0.313009863697128,0.140516920747066
35.5,51.5096203852637,-0.161046846860957,0.117993057099605,0.153914558414368
36,51.5096211888898,-0.161045140510753,0.221400198629495,0.295042903383318
36.5,51.5096216164862,-0.161043340368587,0.00677085097339147,0.218392602520159
37,51.5096217904407,-0.161041065305308,0.0610638631870875,0.38415269626814
37.5,51.5096216502115,-0.161039297721059,-0.095790538139572,0.148330467557099
38,51.5096211985911,-0.161037426006662,-0.103785422880118,0.3379859001506
38.5,51.5096206201387,-0.161035977819593,-0.146166927488034,0.105253692240189
39,51.5096198437579,-0.161034803528429,-0.191372171264099,0.2035132530003
39.5,51.5096187585049,-0.161034012120289,-0.276568544399724,0.0443522201257499
40,51.5096177841195,-0.161033809560754,-0.174992096024092,0.0167675242982628
40.5,51.5096164360773,-0.161033775807148,-0.387442373931935,-0.00376974476776898
41,51.5096140097115,-0.161033706143163,-0.646634990415817,0.019082972170856
41.5,51.5096106494377,-0.161033937839385,-0.818478473274448,-0.0680498680684096
42,51.5096062160437,-0.161034498402464,-1.10412751523792,-0.084685764187185
42.5,51.5096007878494,-0.161034417712266,-1.2804858475879,0.0783269234928223
43,51.5095947757193,-0.161033877477986,-1.37792595153527,0.0726932531269605
43.5,51.5095889386921,-0.161033859701872,-1.24348006648349,-0.0466892316268755
44,51.509583009603,-0.16103395382142,-1.37241730023249,0.0104655722541431
44.5,51.5095770341292,-0.161033977034521,-1.29970761377505,-0.0128053463394854
45,51.5095712853341,-0.16103389635419,-1.26485647764834,0.0280083139899499
45.5,51.5095657605801,-0.161033778685356,-1.20450211735683,0.00816988213628745
46,51.5095598301971,-0.161033999145556,-1.40019131107947,-0.0577585050057456
46.5,51.5095540796372,-0.161034052365837,-1.19518547004694,0.0278683149990355
47,51.5095484672095,-0.161033710574786,-1.28643696980587,0.0611719109602792
47.5,51.5095429904129,-0.161033317885033,-1.17125442197814,0.0498740366103727
48,51.5095375095453,-0.161033098134465,-1.25342222539694,0.0169602788050042
48.5,51.5095315817002,-0.161033252888974,-1.36498716592715,-0.0484019896068432
49,51.5095257001584,-0.161033659653231,-1.26937615883702,-0.0621353032435344
49.5,51.5095199586578,-0.161033459106582,-1.28332910829738,0.090833751219545
50,51.5095141306238,-0.161033363232032,-1.30629586592913,-0.0409524340716284
50.5,51.509508342254,-0.161033393986191,-1.27521497069705,0.021407182312781
51,51.509502603316,-0.161032779286494,-1.27827257483574,0.130114898602889
51.5,51.5094968606436,-0.161032454386667,-1.27754487095202,-0.0143877818535677
52,51.5094914281553,-0.161032768982406,-1.16071799550805,-0.0641889272700526
52.5,51.5094857752743,-0.161032798895414,-1.32586680923669,0.0378712777620619
53,51.5094799838149,-0.161032692882257,-1.26268403363107,-0.00148546533291065
53.5,51.5094745546151,-0.161033148822523,-1.16987660835099,-0.106584986817347
54,51.5094686774229,-0.161033674239237,-1.40430813276153,-0.0494152703921504
54.5,51.509463062776,-0.161033954924,-1.14089054865396,-0.0316650349869059
55,51.5094573168372,-0.161033775923325,-1.37494788638819,0.0644186939971252
55.5,51.5094513459937,-0.161033400316443,-1.29618461391775,0.0435690564409202
56,51.5094457765362,-0.161033129439929,-1.19948277632619,0.0334421688963271
56.5,51.5094398498923,-0.161032721396056,-1.40229038789388,0.0729094119742308
57,51.5094340105591,-0.161032448160787,-1.22729719674231,0.0134607217591726
57.5,51.5094279448517,-0.161032474913201,-1.43542516913155,-0.0157374255860931
58,51.5094219903327,-0.16103200676612,-1.24767530824377,0.121522559092239
58.5,51.509416264874,-0.161031155138794,-1.29245134560652,0.115961306043593
59,51.5094103838466,-0.161030882977643,-1.31995657132488,-0.0169291171090505
59.5,51.5094044120487,-0.161030632199756,-1.33503955654173,0.0710466550284828
60,51.5093986202661,-0.161030442466814,-1.25638535302252,-0.0049460761566874
60.5,51.5093926437549,-0.161030498937911,-1.38132230812202,-0.00986778698768427
61,51.5093866262393,-0.161030206939887,-1.30937762325972,0.0758337892957884
61.5,51.5093808787743,-0.161030056404404,-1.25758423044986,-0.0175496416743352
62,51.5093750822322,-0.161030192046429,-1.31240450783469,-0.0197336541514621
62.5,51.5093692404834,-0.161030149941301,-1.29113107208467,0.0237525066623753
63,51.5093634130868,-0.161030536813476,-1.30059329644891,-0.107948249359902
63.5,51.5093574962908,-0.161031109413666,-1.32778772992964,-0.0595989881730482
64,51.5093516579635,-0.161031429529689,-1.27906850661512,-0.0338443778762095
64.5,51.5093461362395,-0.161031839787362,-1.19340743802148,-0.0731506328838055
65,51.5093403870497,-0.161032103823487,-1.3394158177621,-0.0111205323835337
65.5,51.5093345452035,-0.161032106343969,-1.27225994997602,0.00718941030301101
66,51.5093288381288,-0.161032005943243,-1.26828781227673,0.0186671045236432
66.5,51.5093230412838,-0.161031890770511,-1.30502652791986,0.0141196688266844
67,51.5093172894178,-0.161031770494398,-1.26229481320805,0.0185075358372527
67.5,51.5093117673847,-0.161031440252626,-1.20526591010975,0.0649986545395035
68,51.5093058418571,-0.161031250603669,-1.39781984159543,-0.000732209457760064
68.5,51.5093001801958,-0.161031388953489,-1.1632168862321,-0.0321450873031731
69,51.509294342368,-0.161031170591468,-1.39407914496765,0.0740461733949696
69.5,51.5092887294311,-0.161031005737512,-1.14740389731487,-0.0129183458666415
70,51.5092828427788,-0.161031120479916,-1.42361754978144,-0.0180422445897831
70.5,51.509276911824,-0.161031022075912,-1.24702669972224,0.0358579611902785
71,51.5092711647183,-0.161030647885021,-1.30109393601085,0.0632276727233387
71.5,51.5092653753891,-0.16103063368667,-1.27921915986216,-0.0409078311062641
72,51.5092605710645,-0.161030709216183,-0.921924412331491,0.0108066378779417
72.5,51.5092572061306,-0.161030421823133,-0.627538601335469,0.0602748768190429
73,51.509254514099,-0.161030196390584,-0.579063526706585,0.0110212513584093
73.5,51.5092531054757,-0.161029837930725,-0.127508927439638,0.0769000727555665
74,51.5092519283848,-0.16102898830552,-0.356013181236164,0.146725165906884
74.5,51.5092511603901,-0.161028006541242,-0.0413074679478672,0.129039217631061
75,51.5092506260012,-0.161026866143834,-0.17323317342685,0.178864957123623
75.5,51.5092501161106,-0.16102466227151,-0.0716179873838574,0.395021692638149
76,51.5092500033017,-0.161022809783428,0.00745930797838891,0.16076723425109
76.5,51.5092501492261,-0.161020964211351,0.0499787026365519,0.323112820967342
77,51.5092506049855,-0.161019104068392,0.137419350666386,0.212910383004357
77.5,51.5092511205334,-0.161018032212894,0.0988276879466013,0.103975724456787
78,51.5092520556337,-0.161016938153541,0.284549978270845,0.185471231456123
78.5,51.5092532555916,-0.161016155526968,0.254734556638698,0.0549102289369412
79,51.5092544895126,-0.161015846269924,0.288452911270892,0.0345633930448857
79.5,51.5092558821407,-0.161015786731838,0.324885698961871,-0.0101403279291563
80,51.5092583533035,-0.161015789117448,0.707370401005122,0.0065351030727981
80.5,51.5092618127279,-0.161015920600786,0.813470247428024,-0.0356113911696122
81,51.50926635091,-0.161015991748385,1.14727236354675,0.00813348892319954
81.5,51.5092717886368,-0.161015964648532,1.25389025823098,0.000703513112213117
82,51.5092777201151,-0.161015865117834,1.36603381645677,0.0230018879524371
82.5,51.509283426889,-0.161015749994341,1.20253226582522,0.0110737209594628
83,51.5092892634524,-0.161016020551838,1.36608007882278,-0.0716170277182826
83.5,51.5092948749437,-0.161016394577281,1.16645642705535,-0.0381572258989934
84,51.5093005349301,-0.161016324611619,1.32453768853684,0.0432255327321506
84.5,51.5093065099958,-0.161016133225324,1.33306886908598,0.0149190756221047
85,51.5093123970371,-0.161016073635895,1.2937991846333,0.00362279630617534
85.5,51.5093181933536,-0.161016145176919,1.28696867909912,-0.0194232915439267
86,51.5093238549452,-0.161016280818232,1.24078631351728,-0.0184219669343634
86.5,51.5093296038513,-0.161016081632632,1.3061432887612,0.0599133361070187
87,51.5093354363138,-0.161016161359565,1.29200107346847,-0.060758954893267
87.5,51.5093412267111,-0.161016563987915,1.2859882349025,-0.0525095304670412
88,51.5093469764646,-0.161016489880372,1.27482250768948,0.0542498239684354
88.5,51.5093529048604,-0.161016153414307,1.3502152203154,0.0414482326572211
89,51.5093586551169,-0.161016080716532,1.23005391201433,-0.0118533916388187
89.5,51.5093644518277,-0.161016206578065,1.33173951908175,-0.0214123434665118
90,51.5093703372042,-0.161016090193968,1.29410001606885,0.042461197978518
90.5,51.5093761766885,-0.161015804290765,1.30308756607448,0.0377648284938377
91,51.5093820148358,-0.161015888872756,1.29629057645987,-0.0464010203682035
91.5,51.5093878539615,-0.161016141596767,1.30141852863733,-0.0271749642461038
92,51.5093935132427,-0.161016392767714,1.2297975149284,-0.0402665942235149
92.5,51.5093994870099,-0.161016638024718,1.39889581046653,-0.0297064554590545
93,51.5094051929658,-0.161016803531948,1.17921946527594,-0.0182735630599162
93.5,51.5094113033086,-0.161016965486221,1.4859642497465,-0.0254379047986055
94,51.5094173178747,-0.161016633269419,1.23501250299873,0.0962264897520991
94.5,51.5094231972654,-0.161016213060494,1.35954464810381,0.0318319891941381
95,51.509428993539,-0.161016038286954,1.24093065500336,0.0189729858100378
95.5,51.5094346975405,-0.161016159133812,1.28905579006326,-0.0418070455806289
96,51.5094403563308,-0.161016471759522,1.23826570194321,-0.0445304992302016
96.5,51.509446242548,-0.161016538435212,1.35984973969899,0.0154325264950483
97,51.5094522134486,-0.161016188644726,1.30677491142075,0.0717654023624433
97.5,51.5094578681379,-0.161015726708485,1.22431101024056,0.0588044220161689
98,51.5094635721749,-0.161015414238533,1.30070300171089,0.0325955317694557
98.5,51.509469187509,-0.161015162741376,1.21367408281077,0.0365491006250176
99,51.5094750717936,-0.1610148707433,1.37633283190095,0.0433418467504729
99.5,51.509480822272,-0.161014689145309,1.21185555097754,0.0125269521248903
100,51.5094866178183,-0.161014834111853,1.34403789278264,-0.0429882460841862
100.5,51.5094920537721,-0.161014932801518,1.11548378553763,0.00679606148501559
101,51.5094979856639,-0.161014891837676,1.46307485656054,0.00491227703625975
101.5,51.5095037822519,-0.1610148056206,1.16857847708089,0.0169129550287751
102,51.509509308151,-0.161014583912269,1.27232980936233,0.0404951980334795
102.5,51.5095152801695,-0.16101469232174,1.3684617840004,-0.0539366983038095
103,51.5095211631339,-0.161014852584885,1.26748204990557,-7.44274889278446e-05
103.5,51.5095265517834,-0.161015009419822,1.15117861527845,-0.0369687841300928
104,51.5095321637607,-0.161015400226628,1.31707138758829,-0.0663717779058366
104.5,51.5095375521805,-0.161015745708427,1.1163792060737,-0.0350907070168288
105,51.5095433013982,-0.161015989802812,1.39334619105266,-0.0330549582660499
105.5,51.5095488273159,-0.161016173850457,1.11499948414975,-0.0203059505914816
106,51.5095547120813,-0.161016435613378,1.44558695633382,-0.0475749282590905
106.5,51.5095605526588,-0.161016657148401,1.19746035325448,-0.0189908486145106
107,51.5095661685555,-0.161016680929603,1.28615679986487,0.00768004668078623
107.5,51.5095720963493,-0.161016814951023,1.34205359489311,-0.0370117544017476
108,51.5095775743956,-0.161017168012751,1.13279553002806,-0.0574318920103308
108.5,51.5095833164825,-0.161017672405145,1.37915738034409,-0.07885934127159
109,51.5095892325664,-0.161018369069824,1.27252355615397,-0.109245917897588
109.5,51.5095952924164,-0.161018735947474,1.40155105156325,-0.010129188393305
110,51.5096011795124,-0.161018772815734,1.24588248174611,-0.00161230590930942
110.5,51.5096067071186,-0.161018747004046,1.21886282177676,0.00722145182196014
111,51.5096115592063,-0.161018856339581,0.982241760401537,-0.030863618922461
111.5,51.5096149661768,-0.161019206044704,0.601218140505667,-0.0609431935992227
112,51.5096172969897,-0.161019456992043,0.460846251790761,-0.0165757606933681
112.5,51.509618939429,-0.161019222758663,0.298708866145158,0.0668937048470274
113,51.5096199757319,-0.16101858173053,0.182916051247622,0.104488773985018
113.5,51.5096207443989,-0.161017612901007,0.162729767942408,0.155549574523706
114,51.5096213154075,-0.161016258428752,0.10209006234561,0.210837781127853
114.5,51.5096218948466,-0.161013768681785,0.147726931917341,0.440117043954154
115,51.5096220447392,-0.161012003912625,-0.0467075102785368,0.108490920345039
115.5,51.5096218962217,-0.161010159424636,-0.0234858878891768,0.359446796781097
116,51.5096215091898,-0.161008560581957,-0.129966154335032,0.125793237558961
116.5,51.5096209586309,-0.161007348993162,-0.11728888413236,0.197939651523151
117,51.5096200122065,-0.161006164646842,-0.275910803867249,0.141006595129304
117.5,51.5096189871129,-0.161005455307703,-0.194634430305038,0.0687345327623065
118,51.5096178441601,-0.161005186434463,-0.296111618681866,0.015353222714706
118.5,51.5096163162567,-0.161005177483378,-0.37069652535258,-0.00863435645018291
119,51.5096140703896,-0.161005077056916,-0.590078084896424,0.0297496680843995
119.5,51.5096104810377,-0.161004755616085,-0.944723896486196,0.0550511943181362
120,51.5096054991469,-0.161004389065771,-1.22324083970553,0.047988207965689
120.5,51.5095999723074,-0.161004258702871,-1.23442197901644,-0.00281963517614152
121,51.5095940852739,-0.161004193039227,-1.36284919782785,0.0174736234205112
121.5,51.5095884233491,-0.161004238073229,-1.1877960940009,-0.0228617972430822
122,51.5095829411761,-0.161004280108127,-1.24233684508729,0.00608093369403718
122.5,51.5095770092546,-0.161004277379228,-1.37428900671659,-0.00361249790944014
123,51.509571214694,-0.161004512578244,-1.22996167178327,-0.0529899196639306
123.5,51.50956533026,-0.161004684950906,-1.36498806494505,-0.00359558495183617
124,51.5095594927299,-0.161004920073335,-1.25272678458695,-0.0529836948762327
124.5,51.50955370042,-0.161005256563515,-1.31420382166479,-0.0423398659055332
125,51.5095478143745,-0.161005439088286,-1.30662814177114,-0.0134470422134962
125.5,51.5095419318388,-0.161005788419751,-1.31060341809122,-0.0730467273400531
126,51.5095360938086,-0.1610059562604,-1.29098521812295,0.0115139356801679
126.5,51.5095303156097,-0.161005356644577,-1.28208500930475,0.133479535630154
127,51.5095245385242,-0.161004681581434,-1.28789396272502,0.0659129723708813
127.5,51.5095186173974,-0.161004150537304,-1.3383155909495,0.0792138964371369
128,51.5095129196814,-0.161003875931587,-1.21850865525188,0.00937096542907657
128.5,51.5095070802333,-0.161003786982337,-1.35598791191111,0.0144368018197637
129,51.5095009263901,-0.161003493868595,-1.3786816821287,0.059083769853191
129.5,51.509495086992,-0.161003580681994,-1.24384784911751,-0.0618509540294394
130,51.5094895170916,-0.161003845555453,-1.23628607457587,-0.0192277570417554
130.5,51.5094836754886,-0.161003963846072,-1.34435886010205,-0.0144630943042641
131,51.5094779231975,-0.16100400867736,-1.23492304597069,-0.000458269785250324
131.5,51.5094723097802,-0.161004272777702,-1.25899495834696,-0.0620201652537783
132,51.5094666084246,-0.161004686684777,-1.27540991323581,-0.054288768661378
132.5,51.5094608587344,-0.161004960171989,-1.2822034156756,-0.0265546052179671
133,51.509454657825,-0.161005101207546,-1.44813498840815,-0.0147032690106282
133.5,51.5094489056121,-0.161005165698397,-1.16225016814469,-0.00493080156281204
134,51.5094431986463,-0.161005132110068,-1.34525346381965,0.0113801000230881
134.5,51.5094373188098,-0.161004733270807,-1.28254460529579,0.0861801127418928
135,51.5094314834996,-0.161004418028311,-1.30959745201988,0.0140870603051924
135.5,51.5094257326321,-0.161004573128464,-1.25871748742601,-0.0464724108132472
136,51.5094200267232,-0.161004742281848,-1.27732652009991,-0.00739805805159596
136.5,51.5094143656584,-0.161004622451711,-1.24733659366741,0.0334646112789893
137,51.5094083903546,-0.161004540658343,-1.38719975347495,-0.00411785530302659
137.5,51.5094025499974,-0.161004452461959,-1.23824798287474,0.0237013098703922
138,51.509396664473,-0.16100426843422,-1.35960006654668,0.0268489504722487
138.5,51.5093909124191,-0.161004179515597,-1.22416441700458,0.00219503594495045
139,51.5093852505002,-0.161004186488271,-1.28487315049638,-0.00318242971653641
139.5,51.5093793203657,-0.161004097833983,-1.34383752242713,0.0231546109978637
140,51.5093733001444,-0.1610038982868,-1.33664046968098,0.0308950385849679
140.5,51.5093675946918,-0.161004028041819,-1.22260781082981,-0.0522553031851453
141,51.5093618473541,-0.161003980258411,-1.31827496127084,0.0478580254016975
141.5,51.5093559640094,-0.161003662453859,-1.30275659917902,0.0415174200508158
142,51.5093503966287,-0.161003312888109,-1.19409677834935,0.0534531118711974
142.5,51.5093449640036,-0.161002967181334,-1.21918331576852,0.0441872227980267
143,51.5093390783151,-0.161002973860582,-1.37300737009308,-0.032507698664503
143.5,51.5093332882503,-0.161003391476115,-1.22915802628893,-0.0758231654916651
144,51.5093277221998,-0.161003759397593,-1.2451125555038,-0.0337720191933952
144.5,51.5093218379191,-0.161003637680833,-1.35432436574569,0.0523717806852356
145,51.5093161805157,-0.161003253639535,-1.19205306134205,0.0539931110969974
145.5,51.5093103410888,-0.161003014152746,-1.37449869766683,0.0187359412611976
146,51.5093046807565,-0.161003150606278,-1.1790389839947,-0.0453251685841356
146.5,51.5092990660122,-0.161003426454831,-1.29861573469146,-0.0333867513439961
147,51.5092934044126,-0.161003573073411,-1.23263641048447,-0.0112387631888088
147.5,51.5092875628534,-0.161003707391207,-1.34689695597373,-0.0238387445580415
148,51.5092817663405,-0.161003857033608,-1.24987451082871,-0.018636153607257
148.5,51.5092759248892,-0.161003824994583,-1.33478948578156,0.0206081602558259
149,51.5092703528315,-0.161003750554042,-1.17344289749488,0.0031460742504875
149.5,51.5092647354908,-0.161003815135154,-1.30351516144543,-0.0174467093199259
150,51.5092601517614,-0.161003838765731,-0.821470550397205,0.00663466679232472
150.5,51.5092567365424,-0.161003780676673,-0.716878159135342,0.00906773506272306
151,51.5092545799553,-0.161003705291016,-0.313978090207426,0.0114474741847129
151.5,51.5092528106982,-0.161003308891777,-0.449489153157002,0.0855573605068404
152,51.5092516902722,-0.161002602562228,-0.109191846132615,0.10683992567041
152.5,51.5092507011313,-0.161001496698611,-0.297737483965732,0.186252711428956
153,51.5092499592149,-0.161000163009806,-0.0722355851151801,0.184442221731552
153.5,51.5092495899116,-0.160998873757527,-0.089134983685788,0.175220262552532
154,51.5092494766234,-0.160997456915761,0.0195399087329436,0.211793312953889
154.5,51.5092496594849,-0.160995483503721,0.055494801273209,0.317571373918897
155,51.5092501031747,-0.160993761005246,0.128992437813942,0.184298226852826
155.5,51.509250560441,-0.160992800316763,0.0826797921849126,0.0977631067778629
156,51.5092515776978,-0.160991507305471,0.326931609550988,0.236782950227624
156.5,51.5092527458416,-0.160990633423192,0.21303277449114,0.0405330643355935
157,51.5092538456595,-0.160990406810858,0.266915712254266,0.0251190106588081
157.5,51.5092552382289,-0.160990418764648,0.339939532271169,-0.0204050159689196
158,51.5092573050694,-0.160990353377876,0.543885825234802,0.0297181481250717
158.5,51.5092610332186,-0.160990429579157,1.02956256503523,-0.0387901188815811
159,51.5092655252329,-0.16099056014938,0.978543408941382,-0.00366819126292446
159.5,51.5092710520564,-0.160990429015972,1.40570398478826,0.0335219451576747
160,51.5092770278025,-0.160990230417998,1.27650983880312,0.0234139420577953
160.5,51.5092829558624,-0.160990381115711,1.3489070059614,-0.0519621410916713
161,51.5092887046537,-0.160990641362344,1.23041537253838,-0.0250580332152629
161.5,51.5092942768035,-0.160990746846369,1.24653964153827,-0.00735900516000194
162,51.5092998458899,-0.160990608463599,1.23409381176532,0.037816715533449
162.5,51.5093056396366,-0.160990322322988,1.32779031033835,0.0410721109409025
163,51.5093111220698,-0.160990248822672,1.14443924230203,-0.0114006479313529
163.5,51.5093172335214,-0.160990155074806,1.51072976201068,0.0301097367203722
164,51.5093231652156,-0.160990093024497,1.18632786777268,-0.00642977634331406
164.5,51.5093286845091,-0.160989764691983,1.25740644658065,0.0820040619629206
165,51.5093344238458,-0.160989153741882,1.2908893008597,0.0868125212405846
165.5,51.5093403923121,-0.160988640411737,1.35412629915128,0.060403298539935
166,51.5093460058188,-0.160988352879092,1.17558650040389,0.0255900337167144
166.5,51.509351982492,-0.160988243793425,1.43794277320597,0.00783674426348674
167,51.5093579141413,-0.160988256549703,1.23726178686076,-0.00849685132538744
167.5,51.5093637989054,-0.16098814246353,1.36000277385553,0.0328779305737284
168,51.5093699942323,-0.160987695130506,1.39156365074523,0.0825787611666664
168.5,51.5093758766705,-0.160987342435437,1.25111164437414,0.0254488051830132
169,51.509381583188,-0.160987286437401,1.28288080276638,-0.00459578651001755
169.5,51.5093873796281,-0.160987233586478,1.29465830544121,0.0156925477833528
170,51.5093929937191,-0.160987334724275,1.21743513808605,-0.0348584281725942
170.5,51.5093988768489,-0.160987675845417,1.37326321677614,-0.0561209634859499
171,51.5094048976613,-0.160987826376692,1.31626605149587,0.00375167560526693
171.5,51.5094103803637,-0.160987842128252,1.15260809858571,-0.00634433774718169
172,51.5094161325738,-0.160987796553345,1.36911789739955,0.0151990182702225
172.5,51.5094216141183,-0.160987631362099,1.11517377883525,0.028354166826759
173,51.5094275900535,-0.160987494720711,1.47995255025295,0.0124063497498063
173.5,51.5094331577975,-0.160987226361547,1.07019702579439,0.0546618594602149
174,51.5094389499736,-0.160986918833717,1.44192400993722,0.0343287753417161
174.5,51.5094447471872,-0.160986872769385,1.18362066528013,-0.013156638661832
175,51.50945063403,-0.160986930279352,1.39833792031926,-0.00436560199747022
175.5,51.5094562961833,-0.160986985085212,1.16304038083663,-0.00988102055650133
176,51.5094622731651,-0.160986939500282,1.44684186235145,0.0176770512630346
176.5,51.5094678007534,-0.160986919993502,1.07818445890464,-0.00776935502275512
177,51.5094737312544,-0.160986774243121,1.48865826816872,0.0398429626434802
177.5,51.509479526914,-0.160986590046095,1.15031886407688,0.0155896748758866
178,51.5094857665813,-0.160986890639489,1.55511548140988,-0.0818678998716108
178.5,51.5094916430559,-0.160987455629259,1.13436949881856,-0.0760583949715605
179,51.5094974355174,-0.160987808322463,1.39711121698216,-0.030012399797475
179.5,51.5095034117932,-0.160987914016274,1.28272524386029,-0.00394035460401992
180,51.5095093435064,-0.160987831393016,1.34593827711882,0.0222614739603786
180.5,51.5095149156691,-0.160987729804536,1.16567858637904,0.00839693284766833
181,51.5095206673275,-0.16098760357029,1.35975987222189,0.0239197418150738
181.5,51.5095265534384,-0.16098742505432,1.27476367473273,0.0253948714536249
182,51.5095325750116,-0.16098735715354,1.38550358430616,-0.00174843455364073
182.5,51.5095382371873,-0.16098730357314,1.17203294147343,0.0138715533851062
183,51.5095443930477,-0.160987333354741,1.5082131929796,-0.0167400309904251
183.5,51.5095501837509,-0.160987726768299,1.13475557159689,-0.0811471919504613
184,51.509556064523,-0.160988099895298,1.43024707740968,-0.0312735288876899
184.5,51.5095618614135,-0.160988132260156,1.19167236339691,0.0142517521841228
185,51.509567523174,-0.160988000811424,1.30755772101804,0.0210522160003393
185.5,51.5095733624083,-0.160988089971166,1.29357271486374,-0.0357826848769714
186,51.5095790660924,-0.160988418530009,1.25208634842647,-0.0525083392097843
186.5,51.509584680794,-0.16098870457775,1.24746653773033,-0.0307656395417742
187,51.509590339575,-0.160989030384444,1.2673747282239,-0.0553706079695708
187.5,51.5095960891121,-0.160989302629329,1.28777017773029,-0.0255038757688396
188,51.5096018856392,-0.160989331251539,1.29126874395803,0.0110964521244699
188.5,51.5096072755425,-0.160989081713072,1.13500223411903,0.0511359290168892
189,51.5096118550475,-0.160988759784146,0.937831679973337,0.0401960238436684
189.5,51.5096156679884,-0.160988402259425,0.785875512509317,0.0562563213253816
190,51.5096180441601,-0.160988139935951,0.348744413537078,0.0225419013351035
190.5,51.5096197219368,-0.160987704101534,0.390547573847307,0.0870991639019425
191,51.5096204549019,-0.160987192451707,0.00388243633161905,0.0598052676507299
191.5,51.5096212049089,-0.160986283236301,0.280994634257727,0.172756144734286
192,51.5096219183253,-0.160984756806042,0.0731746120539718,0.239383775926965
192.5,51.5096222848324,-0.160983140022399,0.0874199303349003,0.214072300928562
193,51.5096223716118,-0.160981652776411,-0.0283670990261053,0.201213036174685
193.5,51.5096221785589,-0.160979668503196,-0.0531709838225903,0.327537543531399
194,51.5096218684509,-0.160978325709187,-0.08008785057095,0.0876895549750504
194.5,51.5096212421638,-0.160976850336663,-0.180850130745002,0.286878241851392
195,51.5096204596805,-0.160975792660861,-0.169402343264542,0.0488490676296232
195.5,51.5096194921906,-0.160975056462658,-0.247400035634907,0.139584868904082
196,51.509618399443,-0.160974706324895,-0.240184117370425,-0.0150595629760033
196.5,51.5096167841132,-0.160974568007997,-0.442917369257494,0.0431913303863847
197,51.5096140446171,-0.160974567401742,-0.726253303807451,-0.0300908251556295
197.5,51.5096104070559,-0.160974787904457,-0.867637810892528,-0.0309859878770678
198,51.5096057355665,-0.160975013658521,-1.15978263478934,-0.0315989581346253
198.5,51.5096002101056,-0.160974959476254,-1.2783211933715,0.0349089730868292
199,51.509594510991,-0.160975118614121,-1.26103383946326,-0.0620007154270673
199.5,51.5095884984232,-0.160975257215821,-1.39170798224548,0.0106836169456011
200,51.5095828834066,-0.160975144975812,-1.14985053423652,0.0190156871918023
200.5,51.5095771765745,-0.160975149002384,-1.35388268085363,-0.0142614522223421
201,51.5095714720573,-0.160974889322402,-1.21018452633987,0.0712804103163728
201.5,51.509565589257,-0.160974845910049,-1.37821405155216,-0.0396488108601067
202,51.5095598387435,-0.160975057283125,-1.21055200719381,-0.0221404060521055
202.5,51.5095537720478,-0.160975098398866,-1.4475207046075,0.00579292005546301
203,51.5095479298532,-0.160975100416104,-1.19671840781389,-0.00453121282225148
203.5,51.5095423573431,-0.160975149134178,-1.27026393164529,-0.00832804723267259
204,51.509536472569,-0.160975369056387,-1.33690510322059,-0.0460829884155956
204.5,51.50953076772,-0.160975484715027,-1.22219431594982,0.00495687503440961
205,51.5095250608985,-0.160975483839748,-1.3032380126857,-0.00326320302917575
205.5,51.5095193544027,-0.160975453597518,-1.24638419536509,0.00942292094954237
206,51.509513422941,-0.160975344689216,-1.37128191224762,0.0191117651188739
206.5,51.5095078063181,-0.160975450590669,-1.16475639210726,-0.0383762814642838
207,51.5095018362027,-0.16097587524494,-1.44304326091779,-0.0733762888474493
207.5,51.5094959551935,-0.160976107917697,-1.21453537885992,-0.00355903381016572
208,51.509490429479,-0.16097620064876,-1.24009020179629,-0.0193978591420906
208.5,51.5094846792106,-0.160976432675845,-1.30714593793707,-0.0411915371755602
209,51.5094791997089,-0.16097670235265,-1.15778143972727,-0.0348231938391786
209.5,51.5094730504446,-0.160977189825615,-1.51569408132739,-0.0906918819736394
210,51.5094673030409,-0.16097755053943,-1.11313956616836,-0.0216622812571521
210.5,51.5094613275782,-0.160977572670047,-1.48119777185788,0.00993965765686621
211,51.5094556724511,-0.160977791765342,-1.10238064199234,-0.058675280326757
211.5,51.5094498841854,-0.160977934245836,-1.41791622245918,0.00744012237861347
212,51.5094438646292,-0.160977809550437,-1.28453379603085,0.0242263137588737
212.5,51.5094382929225,-0.160977766985932,-1.20848920058815,-0.0069110496258902
213,51.5094324072172,-0.16097755584707,-1.38049963820169,0.054677161125848
213.5,51.5094266157361,-0.160977724706178,-1.22444924469595,-0.0781332887177149
214,51.5094207344343,-0.160977898338208,-1.36766185818372,0.0137073702737677
214.5,51.5094148033814,-0.160977863258966,-1.28623284060675,-0.00131468460653433
215,51.5094090077702,-0.160978075137381,-1.29199835430769,-0.0490937447220926
215.5,51.5094029447442,-0.160978027570702,-1.38912002092465,0.0455937651581364
216,51.5093970155884,-0.160977925335175,-1.27049451347161,-0.00778287328862339
216.5,51.5093912648487,-0.160978140356441,-1.28604115319737,-0.0453079041965863
217,51.5093856962023,-0.160978060851776,-1.20627636880698,0.0504826652953872
217.5,51.5093799963986,-0.160977591546963,-1.31172581448307,0.0754418805983501
218,51.5093744290258,-0.160977238244268,-1.18781532932803,0.0305880550355042
218.5,51.5093684995815,-0.160977306450412,-1.41151689208709,-0.0375117531140391
219,51.5093627052431,-0.160977350433698,-1.20381801851751,0.0158759361007605
219.5,51.5093569546303,-0.160977328840686,-1.33266672900312,-0.00601610611183605
220,51.5093514730564,-0.16097750755628,-1.14070067133722,-0.0379746995485071
220.5,51.5093454971017,-0.160977691692248,-1.46209110000917,-0.0168831738558
221,51.5093397453646,-0.160977756573697,-1.152300839336,-0.00349710574449688
221.5,51.5093340409715,-0.160977938522,-1.3512447636428,-0.0405010998372353
222,51.5093282075194,-0.160977858937508,-1.26080440946186,0.0471367690272304
222.5,51.5093223710364,-0.160977581134572,-1.32525917830696,0.0325799317716258
223,51.5093166186967,-0.160977588878688,-1.24831112110743,-0.0246339590499706
223.5,51.5093108224556,-0.160977455966233,-1.31878176344027,0.0486179016963467
224,51.5093048914743,-0.160977297522707,-1.32042181565281,0.00336824127088805
224.5,51.5092995436333,-0.160977274862676,-1.09868369063782,0.00299115736488618
225,51.5092935687347,-0.160977097916795,-1.49110345202006,0.0396744743224394
225.5,51.5092878221584,-0.16097715651775,-1.13003994806805,-0.0416049585578968
226,51.5092820286464,-0.160977420798167,-1.40053923410397,-0.0332602496165546
226.5,51.5092762802014,-0.160977687902072,-1.19414180832697,-0.0397680417107812
227,51.5092704878643,-0.160978054838635,-1.35522345519853,-0.0587782241117689
227.5,51.5092651412453,-0.160978234306074,-1.07386027104995,-0.00121877062361907
228,51.5092603328967,-0.160978298976295,-1.06719780827171,-0.0144123537430156
228.5,51.5092569630562,-0.160978381308894,-0.527703342281938,-0.00934607528912377
229,51.5092548967122,-0.160978479516852,-0.412263345463521,-0.0166398715725959
229.5,51.5092534893081,-0.160978183932095,-0.243807859837425,0.0814211025788709
230,51.5092524665396,-0.160977470179686,-0.216226919378283,0.111487479946674
230.5,51.5092514799721,-0.160976245709106,-0.22183950274905,0.210996758424287
231,51.5092506527669,-0.160974558313988,-0.15762715167698,0.250614256021861
231.5,51.5092501170317,-0.160972671472111,-0.0923186779317341,0.269961700313612
232,51.509249945702,-0.160970771983239,-0.000187438139649276,0.259403831959528
232.5,51.5092501071437,-0.160968711600069,0.0612012869335515,0.304773663708127
233,51.5092506342841,-0.160966676418779,0.156565554147416,0.267065836685793
233.5,51.5092514963723,-0.160964942403347,0.216514452602693,0.222370684001685
234,51.5092524016926,-0.160963774161548,0.190904063113538,0.120105627758688
234.5,51.5092533710188,-0.160963057602466,0.233043441483175,0.0850708278603176
235,51.5092547787081,-0.16096277785985,0.36936967412773,0.00648405172583501
235.5,51.5092566201974,-0.160962805354298,0.438038989387462,-0.0110289382834883
236,51.5092588651087,-0.16096266149691,0.542576784860314,0.0416779891079109
236.5,51.5092619633117,-0.160962481339665,0.792183120863725,0.0133517677645396
237,51.5092665469311,-0.160962423609586,1.17936132268481,0.00428102402044053
237.5,51.5092718936761,-0.160962550405859,1.19701143034161,-0.0329271412101322
238,51.5092776446227,-0.160962736371998,1.33755759124743,-0.02084854345504
238.5,51.5092834417465,-0.160962790197724,1.25664313515925,0.00188835128032138
239,51.5092890584893,-0.160962685733959,1.24504881522732,0.0233369517598562
239.5,51.509294852997,-0.160962746498641,1.32040964744166,-0.0306794408764877
240,51.5093005089663,-0.16096317188409,1.21525085731284,-0.0789371141635848
240.5,51.509306161569,-0.160963707245991,1.28758848441654,-0.0711167949983347
241,51.5093120432436,-0.160964002763554,1.3236053802951,-0.0199754853130616
241.5,51.5093177909791,-0.160963748672148,1.24772711752717,0.0739613847774408
242,51.5093233587445,-0.160963424234995,1.23276287762279,0.0248107540741113
242.5,51.5093291551126,-0.16096344125537,1.32971360632328,-0.0213852042528103
243,51.5093348170314,-0.160963543964668,1.2109886551048,-0.00927498646284048
243.5,51.509340389452,-0.160963508615785,1.26024078443338,0.0148366277479702
244,51.5093457371592,-0.160963441375903,1.14075981179652,0.00548639607312137
244.5,51.5093518481916,-0.160963530894685,1.51314684125188,-0.0249714646499277
245,51.509357239849,-0.160963710550215,0.980351006721649,-0.0249278158469922
245.5,51.5093630337171,-0.160963587454709,1.50545622733332,0.0465062664523337
246,51.5093687803822,-0.160963582717748,1.12002662252957,-0.0314362230449964
246.5,51.5093743944325,-0.160963886138063,1.33966191938843,-0.0496172412345477
247,51.5093801907896,-0.160963948418265,1.2548801144129,0.0200307815017401
247.5,51.5093862550896,-0.160964096510195,1.41558471848306,-0.0489787513848606
248,51.5093921398532,-0.160964282543457,1.23517654076013,-0.00962815053733218
248.5,51.5093979348334,-0.160964463339727,1.32749900720003,-0.0359373704011826
249,51.5094037270133,-0.16096485325896,1.26181401792603,-0.0668845146504983
249.5,51.5094095213749,-0.160965102458658,1.30861883560355,-0.0120045739668559
250,51.5094152734761,-0.160965189766273,1.25986916659583,-0.0122058088582127
250.5,51.5094209335018,-0.160965415851071,1.25916369088164,-0.0448233688286419
251,51.5094268630954,-0.160965644517222,1.36162955222232,-0.0226003996713438
251.5,51.5094327490577,-0.160965810994456,1.27339859848281,-0.0234767484216572
252,51.5094388995826,-0.160966232092761,1.43523892144915,-0.0829667126608983
252.5,51.5094446883881,-0.160966733702403,1.18511961575945,-0.0603284582246021
253,51.5094504818981,-0.160967007786412,1.36198278954645,-0.0224677115804607
253.5,51.509456458805,-0.160967023376614,1.30755381599353,0.0120473257489856
254,51.5094623899355,-0.160967118007572,1.32833786928905,-0.0307707950155709
254.5,51.5094682296403,-0.160967081284454,1.27920451974387,0.03020805890715
255,51.5094740179077,-0.160966594799846,1.29414018552136,0.0936891718933479
255.5,51.5094799381942,-0.160966000984064,1.33362530404214,0.0745879251331086
256,51.5094859557771,-0.160965697953907,1.34279102024582,0.0193187779874456
256.5,51.5094917520168,-0.160965771519115,1.25264538578018,-0.0308882235611906
257,51.5094974573361,-0.160966019073588,1.28135399493803,-0.0368135088050594
257.5,51.5095031615392,-0.160965978313948,1.26083574104383,0.0353907732571792
258,51.5095089107345,-0.160965676012937,1.29221814723191,0.0465846334348764
258.5,51.5095146142098,-0.160965752405669,1.25295553139272,-0.0506417508995405
259,51.5095204064768,-0.160965780457026,1.31402742124287,0.0288277025579468
259.5,51.5095261940955,-0.160965266906954,1.26951876582686,0.101044092536159
260,51.5095319384568,-0.16096502321559,1.28431145648591,-0.013207530528207
260.5,51.5095379558876,-0.160964866455441,1.37725315880443,0.0462484919343613
261,51.5095435237885,-0.160964517502148,1.142145999969,0.0499964422372903
261.5,51.5095493518171,-0.160963949146569,1.40512198864168,0.0991627454956153
262,51.5095549993615,-0.160963341557211,1.15276535479332,0.0740074435693789
262.5,51.5095608829368,-0.160963301145091,1.41870063194587,-0.0422659375538492
263,51.5095665857701,-0.160963221736727,1.16417496823369,0.048330482510815
263.5,51.5095725132832,-0.160963130593012,1.42733469142822,-0.0123168874219397
264,51.5095782593822,-0.160962988707121,1.17449763404329,0.0421139446767859
264.5,51.5095841860208,-0.160962645586927,1.41977801985038,0.0515136507780106
265,51.5095899830707,-0.160962572348473,1.19906103029878,-0.0187716438652642
265.5,51.5095958687836,-0.160962409979707,1.38710230064311,0.0514672361660181
266,51.509601304974,-0.160962331383887,1.08542821115936,-0.0174745541175442
266.5,51.5096069655133,-0.160962235593592,1.38146669538766,0.0348434452220771
267,51.5096113670018,-0.1609622374173,0.697966561307829,-0.0248208971573912
267.5,51.5096150031016,-0.1609621735897,0.886885715439551,0.0324411024307806
268,51.5096170660753,-0.16096196179492,0.159560828770961,0.027285282519621
268.5,51.5096187388057,-0.160961488803919,0.521067201585435,0.0925495922888309
269,51.5096198950989,-0.160960726075697,0.0726550700649887,0.115256897750449
269.5,51.5096209612955,-0.160959439858555,0.35246185860456,0.222931072694679
270,51.5096214428047,-0.160958413616571,-0.0645782216961781,0.0861921438658384
270.5,51.5096218310269,-0.160956965211429,0.192061297396513,0.281560788582331
271,51.5096220093386,-0.160955277020417,-0.0669912204600797,0.201404066897566
271.5,51.509621841776,-0.160953086729416,-0.0164916715489241,0.376034217999386
272,51.5096212485715,-0.160950770183445,-0.212852982585239,0.283595540024255
272.5,51.509620672497,-0.160949497293017,-0.0689201244300434,0.101948260878918
273,51.5096197947562,-0.160948412101507,-0.283787354360859,0.184795127088314
273.5,51.5096188433454,-0.160947788855834,-0.161248119791501,0.0177602413520156
274,51.5096179182487,-0.160947579166395,-0.237071497922857,0.0370649196137565
274.5,51.50961625553,-0.16094759812093,-0.463022521486012,-0.0304196527037449
275,51.5096142782504,-0.16094761252072,-0.423848719784236,0.0178946933473338
275.5,51.5096106381986,-0.160947570394906,-1.08026317974948,-0.00258250612440398
276,51.5096061468763,-0.160947705822073,-0.94279133082598,-0.0301597697612946
276.5,51.5096008021408,-0.160947877882786,-1.36185038687476,-0.0195030226818492
277,51.5095953202215,-0.16094774325201,-1.12040288072822,0.0454316597905377
277.5,51.5095891642053,-0.160947638439943,-1.54441320318024,-0.00706130966286791
278,51.5095833670882,-0.160947697341487,-1.11184180783487,-0.00896077421634923
278.5,51.5095771209939,-0.160947671256023,-1.58448066568214,0.012430008477662
279,51.5095712855156,-0.160947285840627,-1.09830584297468,0.0822762008655545
279.5,51.5095653650281,-0.160946691727535,-1.4707854165539,0.0826469227202006
280,51.5095595727737,-0.160946418671901,-1.16154179163289,0.00660188397184221
280.5,51.5095538689468,-0.160946648923634,-1.3445620047327,-0.0589722029774593
281,51.5095481203103,-0.160946841188303,-1.23339839008699,-0.00410350738175874
281.5,51.5095421468431,-0.16094703203551,-1.39626177501814,-0.0421770084765141
282,51.5095364528585,-0.160947637392548,-1.17653488955939,-0.113370578811417
282.5,51.5095306211358,-0.160948082063849,-1.38244716641208,-0.025605236539651
283,51.5095246444234,-0.16094818546178,-1.29315522901499,-0.00648341482659641
283.5,51.5095188932338,-0.160948112804319,-1.27034894080633,0.0216891852712629
284,51.509513322925,-0.160947857575072,-1.2178898039593,0.0450644461220842
284.5,51.5095076224647,-0.160947430429744,-1.30384483293078,0.0692825749332424
285,51.5095017426842,-0.160946978693447,-1.31150949607625,0.0581345985490322
285.5,51.5094956393898,-0.160946487430852,-1.39069497575092,0.0752683844887817
286,51.5094899421398,-0.160945946791311,-1.18166686864655,0.0749301851000312
286.5,51.5094839689938,-0.160945681964488,-1.4323522968789,0.0100612945024832
287,51.5094778647035,-0.160945316531185,-1.30648175944451,0.0792177092433739
287.5,51.5094721213139,-0.160944827099323,-1.25806976077073,0.0600781216658356
288,51.5094664157406,-0.160944651785014,-1.27765297603813,-0.000671691828782704
288.5,51.5094604525828,-0.16094417873265,-1.36138372244016,0.112134345980895
289,51.509454807614,-0.160943490403973,-1.18240778794781,0.0839861824487094
289.5,51.5094489395671,-0.160942759636227,-1.39207683052931,0.113707675933353
290,51.5094432034049,-0.160942469228745,-1.19541923220832,-0.0110445681914065
290.5,51.5094373633859,-0.160942576178171,-1.37236640739749,-0.0175142612159334
291,51.5094314317754,-0.16094245164747,-1.2831506087575,0.0416555133455218
291.5,51.5094256353139,-0.160942488763221,-1.2944775767364,-0.0379200507899623
292,51.509419928999,-0.160942496737347,-1.25244804246248,0.0246617388054617
292.5,51.5094136838193,-0.160942277868555,-1.48571025486055,0.0344008840779107
293,51.5094077978764,-0.160942090523623,-1.18653480477429,0.020142263307477
293.5,51.5094024503659,-0.16094206328993,-1.19227960245273,-0.00767105414652787
294,51.5093965184584,-0.160942143852971,-1.40932369174895,-0.0136472204096192
294.5,51.5093905881042,-0.1609423433579,-1.25680525668451,-0.0375402200216806
295,51.5093849300489,-0.160942698240371,-1.26056305720703,-0.0574921054018561
295.5,51.5093791026321,-0.160943329858287,-1.3219985904509,-0.108849402946725
296,51.5093734516953,-0.160943723835201,-1.21223490827772,-0.0168039715852392
296.5,51.5093677996636,-0.160944097939156,-1.28948368048493,-0.0765447572315359
297,51.5093621032565,-0.160944404749181,-1.25219585627263,-0.0188414306097701
297.5,51.5093562175627,-0.160944437951448,-1.34990060080289,0.00535157779078272
298,51.5093506911025,-0.160944615308629,-1.14561655361556,-0.0456114243869275
298.5,51.5093449853044,-0.160944820338573,-1.35645526186542,-0.0164695090189291
299,51.5093391004348,-0.160944844955049,-1.27660723646755,0.00571791378203981
299.5,51.5093334847018,-0.160944616735362,-1.230691964259,0.0498689402015167
300,51.5093278232065,-0.160944533000659,-1.28014360642436,-0.0151425973580145
300.5,51.5093221235841,-0.160944901164441,-1.25995016533152,-0.076305623459779
301,51.5093162499896,-0.160945539297462,-1.33989568264282,-0.0972180428632101
301.5,51.5093105500708,-0.160945995227094,-1.21823581470256,-0.0395700586747096
302,51.5093048900543,-0.160946089158956,-1.28830349016476,0.00552631936805358
302.5,51.5092990496319,-0.160946152381355,-1.30749998880318,-0.018792143808344
303,51.5092934342526,-0.160946400250059,-1.20893325885316,-0.0453552000384721
303.5,51.5092877726425,-0.160946488848948,-1.29541812661256,0.0108347646724139
304,51.5092819757401,-0.160946540297887,-1.28605700875737,-0.0197289212345962
304.5,51.5092763136405,-0.160946593775978,-1.24161665339674,0.00118667365440794
305,51.5092709673291,-0.160946722850223,-1.15326868126162,-0.031298814857347
305.5,51.5092656211435,-0.160946914415216,-1.21506468064234,-0.0233100003968128
306,51.5092609926833,-0.160947009387554,-0.900306628408213,-0.00610134841505591
306.5,51.5092576673219,-0.160947066161849,-0.627701593421156,-0.00913070595320827
307,51.5092554653077,-0.160947092096753,-0.393585854255551,0.000269524103736403
307.5,51.5092540542484,-0.160946789044397,-0.25826481405146,0.0713472619696841
308,51.5092529912012,-0.160946052640571,-0.221343632489583,0.123886065003526
308.5,51.5092519974452,-0.160944836067052,-0.220977033080714,0.200453633208923
309,51.5092512659321,-0.160943394563379,-0.122032533251521,0.19995141823493
309.5,51.5092507744086,-0.160941563563705,-0.100510531575186,0.292244050037291
310,51.5092506350862,-0.16093957990657,0.0176545703143214,0.263674217089161
310.5,51.5092507987573,-0.160937737615653,0.0495552326187491,0.2503034043991
311,51.5092512985526,-0.160935669957689,0.154373673283131,0.312861175502471
311.5,51.5092518206591,-0.160934515040541,0.0894406355489102,0.0536169845871836
312,51.5092526244526,-0.160933497679012,0.241450210411626,0.202617717802545
312.5,51.5092536556755,-0.160932838959293,0.221075409819914,0.0136593019020566
313,51.5092548094081,-0.160932623844246,0.281680667594869,0.0412166929035964
313.5,51.5092561122487,-0.160932653878108,0.295661510092097,-0.0359412195900461
314,51.5092584477267,-0.160932784286378,0.676500541582884,-0.00562419611379199
314.5,51.5092618128039,-0.160932679678555,0.799389524013761,0.0286297546464033
315,51.50926670477,-0.160932414224261,1.29095812678036,0.042620008472162
315.5,51.5092720067192,-0.160932321047015,1.10194832768102,-0.00783939649987721
316,51.5092772174718,-0.160932072661962,1.19975738978767,0.0641191840219267
316.5,51.5092830996468,-0.160932148558371,1.38527641457259,-0.0627988699564218
317,51.5092888933462,-0.160932320256432,1.22194458639083,0.00342967458764074
317.5,51.509294507622,-0.160932057809805,1.26840457815224,0.0595500629161045
318,51.5093002396496,-0.16093133909212,1.28042569694354,0.127969090614699
318.5,51.5093061533008,-0.160930713367174,1.34071541402877,0.058124709085838
319,51.5093121291882,-0.160930525612164,1.32205528179575,0.00363247763055781
319.5,51.5093180159306,-0.160930426517068,1.30139566342116,0.0208487676729839
320,51.5093238581071,-0.160930429732117,1.2989990268848,-0.0153530529578973
320.5,51.5093295646936,-0.160930344485103,1.24938573598563,0.0308697796691173
321,51.5093353559684,-0.160930513230512,1.31615092106658,-0.061441362511955
321.5,51.5093409670612,-0.160930641420193,1.20125610206605,0.0127496593862534
322,51.5093468074954,-0.160930420771216,1.36843764725639,0.0431596295313903
322.5,51.5093526036178,-0.160930458670081,1.23464832581864,-0.0391578010763432
323,51.5093584000352,-0.16093053934303,1.3284124366549,0.00836754289753201
323.5,51.5093642870749,-0.160930474283833,1.29705811739237,0.0094999964688571
324,51.5093700812666,-0.160930652492157,1.28388365501378,-0.0487162124749871
324.5,51.5093756942016,-0.160931013321126,1.22454006060186,-0.0510726030073368
325,51.5093814444392,-0.160931250325377,1.31801938830931,-0.0201942037562003
325.5,51.5093871961286,-0.160931267025789,1.25313298760047,0.0101937987220215
326,51.5093927669581,-0.160931059954786,1.23013789392133,0.0417435896687328
326.5,51.5093985171578,-0.16093081435106,1.31408655858499,0.0287544038680438
327,51.5094044028822,-0.16093083230525,1.30658869081713,-0.0243661800314864
327.5,51.5094099284372,-0.160930802897817,1.17559251431875,0.0239979674972827
328,51.5094154546369,-0.160930619948391,1.26753365873528,0.0263867360044262
328.5,51.5094212513092,-0.160930487548013,1.30548916109244,0.0127824629950225
329,51.5094269576244,-0.160930308352633,1.24474007621656,0.0333514338335684
329.5,51.5094332036092,-0.160930214461263,1.49141040875723,-0.00118290270020805
330,51.5094390905066,-0.16093029068983,1.18290571899051,-0.0171657541536951
330.5,51.5094451569833,-0.160930303566612,1.46679022338942,0.00897645846923861
331,51.5094512237187,-0.160930231227876,1.26816893354757,0.0107920643463966
331.5,51.5094568396459,-0.160930062251375,1.2366722790655,0.0323325152536164
332,51.5094625005022,-0.160929926569243,1.27571573065926,0.00939504849117203
332.5,51.5094682527188,-0.160929901235504,1.28294502287188,-0.000596497737136491
333,51.5094741840602,-0.160929957057107,1.34564378796309,-0.0127591549309398
333.5,51.5094800252499,-0.160929977080922,1.26765213432023,0.00420478264854517
334,51.5094859560852,-0.160930012929556,1.3561573497675,-0.0114054247845279
334.5,51.5094914815228,-0.160930261649986,1.14085005588167,-0.0507266996927515
335,51.5094974112748,-0.160930527638214,1.44450902181533,-0.0272778658849949
335.5,51.5095032523635,-0.160930572382017,1.19840824335562,0.00853272710131341
336,51.5095091392347,-0.160930503813374,1.38799737715085,0.0102127239970819
336.5,51.5095148903589,-0.160930638645416,1.20393465877296,-0.0389760156775044
337,51.5095205950478,-0.160930921131831,1.31521305985862,-0.0393977096838635
337.5,51.5095265705071,-0.160931096513576,1.33974507374697,-0.0138204604191189
338,51.5095324108838,-0.160931281979788,1.27147368486738,-0.034104967296883
338.5,51.5095381601013,-0.160931585718407,1.28477999999432,-0.0478239991929018
339,51.5095441713123,-0.160931351663593,1.37457238188418,0.0887254119630993
339.5,51.5095498248971,-0.160930964192033,1.1764350323826,0.0293548183005877
340,51.5095556593047,-0.160931275175297,1.38353272660388,-0.093955918869117
340.5,51.5095615834543,-0.160931656583043,1.27251190396396,-0.0242620777181791
341,51.5095672458507,-0.160931699036233,1.25121059706618,0.00696238871551214
341.5,51.5095729051569,-0.160931922682607,1.26495256982693,-0.0576653403372331
342,51.5095783386873,-0.160932258441058,1.16992681280022,-0.0388899469489022
342.5,51.5095840888962,-0.160932282013744,1.35623783499432,0.0216586379008801
343,51.5095897933348,-0.160932345143314,1.20850619051803,-0.030062759549627
343.5,51.5095953638675,-0.160932510399486,1.26126445038937,-0.0179647252960627
344,51.5096011532477,-0.160932846701095,1.30711921509329,-0.0668085500700732
344.5,51.5096065373841,-0.16093330186696,1.12172541373487,-0.0606757194336337
345,51.5096112510952,-0.160933636851169,0.997892868099846,-0.0365998651472249
345.5,51.5096149331898,-0.160933800713576,0.694336237935675,-0.0130597370237012
346,51.5096172692683,-0.160933867640335,0.397655410499468,-0.0066562127709521
346.5,51.5096188102777,-0.160933562422926,0.304573612921285,0.0767057662937003
347,51.5096196671346,-0.160932959761274,0.110929942890569,0.0885639433306368
347.5,51.5096208673391,-0.160931576575057,0.376361900260122,0.264505642011655
348,51.5096216739896,-0.160930146901712,0.041686085691178,0.152319710095788
348.5,51.5096221148011,-0.160928598229423,0.137569751092974,0.258939498316335
349,51.5096222585637,-0.160926614143604,-0.0419163918175003,0.287084784423731
349.5,51.5096220796552,-0.160924633135723,-0.038335929888659,0.266656540504636
350,51.5096216694213,-0.160922968872899,-0.128347976328953,0.206188807209702
350.5,51.5096210540159,-0.160921566004594,-0.142951703474026,0.186814182693533
351,51.5096203524426,-0.160920702274847,-0.165324662691825,0.0731130415447337
351.5,51.5096192690945,-0.16092003076785,-0.294081224232439,0.107329761277781
352,51.5096181204322,-0.160919805464767,-0.228658633011965,-0.0219481514915721
352.5,51.509616503913,-0.160919898402022,-0.451435161869178,-0.00657408786118206
353,51.5096139893911,-0.16092004854455,-0.635187696459802,-0.0308392110604721
353.5,51.509610215283,-0.16092017849773,-0.983036646142235,-0.00908794161403973
354,51.5096059070293,-0.160920504248112,-0.941598790506579,-0.0705316777387534
354.5,51.509600341735,-0.160920756149722,-1.4461180351098,-0.0100890992315145
355,51.5095946796491,-0.160920727729646,-1.12956887987323,0.0137709177070415
355.5,51.509588839926,-0.160920956630091,-1.41834982231997,-0.0636715136693655
356,51.5095829109274,-0.160921250762687,-1.2499742100648,-0.0248598478582076
356.5,51.5095774293609,-0.160921257151341,-1.19858274502279,0.0158938536863161
357,51.509571588147,-0.160921081977831,-1.37060402417434,0.0302239648152742
357.5,51.5095659732283,-0.160921179766756,-1.16458629446059,-0.0442398291432596
358,51.5095601336117,-0.160921291203008,-1.39379730048888,0.00466337506293085
358.5,51.509554336723,-0.160921248227587,-1.21718652167503,0.00687997838223769
359,51.5095488107533,-0.160921428516973,-1.23833094387026,-0.0473732697823897
359.5,51.5095428378498,-0.160921784674812,-1.39259578011251,-0.0509097314570456
360,51.5095368632604,-0.160922011109373,-1.28524812873394,-0.0178130491833764
360.5,51.5095310314896,-0.160922439681842,-1.30636608704495,-0.0886953775279281
361,51.5095252445432,-0.16092285594395,-1.27462739837831,-0.036171900182218
361.5,51.5095193574434,-0.160922905189826,-1.33473046700526,0.0136958401713226
362,51.5095137411288,-0.160923059012694,-1.19022577298762,-0.0458969828114654
362.5,51.5095077666071,-0.160923338173561,-1.42688149326523,-0.033768055828284
363,51.5095018808548,-0.160923425151214,-1.22764285336264,0.00310655498942346
363.5,51.5094963996647,-0.160923516559064,-1.21407229561079,-0.0237514239040993
364,51.5094903798879,-0.160923563326714,-1.42730800805428,0.00558648527685
364.5,51.5094846734687,-0.160923531211985,-1.15950623226726,0.00367014834019988
365,51.509478832015,-0.160923684181808,-1.39804825647307,-0.0386776649661717
365.5,51.5094728110307,-0.16092386142444,-1.29898162573159,-0.0147638031467773
366,51.5094670594547,-0.16092401158255,-1.26641658696853,-0.0251102026417683
366.5,51.5094612239824,-0.160923763482596,-1.32094836520838,0.0761412143236223
367,51.5094555237137,-0.160923350079815,-1.2316313581202,0.0442850191751827
367.5,51.5094500417845,-0.160923260345729,-1.2115598901285,-0.0098177488634179
368,51.5094442016547,-0.16092309867753,-1.36110988822241,0.0450342680270994
368.5,51.5094386368763,-0.160922641133082,-1.15226507814349,0.0764795771692056
369,51.509432890543,-0.160922328029299,-1.36713494832436,0.0203725887748206
369.5,51.5094271848481,-0.160922471076399,-1.20135336004877,-0.0480271504508636
370,51.5094214365181,-0.160922815129208,-1.33352846536175,-0.0475948396175
370.5,51.5094154202106,-0.160923233467901,-1.3423762859689,-0.065432692087012
371,51.5094095829395,-0.160923615631232,-1.26845703465144,-0.0444069923824686
371.5,51.5094038798922,-0.160923971723975,-1.26942635440171,-0.0529710154697167
372,51.5093982209967,-0.160924285599156,-1.25204609611054,-0.0370107269663318
372.5,51.5093921553175,-0.160924355881405,-1.41809028055115,0.00931733660824867
373,51.5093864481039,-0.160924310467655,-1.16625911258012,0.00419781202058153
373.5,51.5093804714962,-0.160924236731555,-1.44444718014664,0.0144669919888063
374,51.5093747648839,-0.160924232115688,-1.1475818244216,-0.00903731550232727
374.5,51.5093689244623,-0.160924161950372,-1.40600488905467,0.0228886993426588
375,51.5093630848535,-0.160923881268029,-1.2248012986539,0.0502332087075982
375.5,51.5093575167478,-0.160923534454292,-1.24893967703163,0.0467024319394187
376,51.5093518128667,-0.160923270252407,-1.28340393802324,0.0296733853984241
376.5,51.5093459348063,-0.160923597607527,-1.32516736999248,-0.0980438441611843
377,51.5093405059399,-0.160923847302329,-1.1260120876422,0.00968999820034914
377.5,51.5093346208609,-0.160923897494892,-1.43799666412655,-0.0186310019436099
378,51.5093286921178,-0.160924217577389,-1.23612469588693,-0.0625140924324508
378.5,51.5093228969772,-0.160924317584192,-1.32689597173389,0.0201531557570028
379,51.5093169653933,-0.16092418999617,-1.3149698167643,0.0160100789598393
379.5,51.5093113946517,-0.160924287113033,-1.18681883060846,-0.0341315967392779
380,51.5093054198005,-0.160924534688548,-1.42939092364129,-0.0345483599926118
380.5,51.5092994944746,-0.160924928192183,-1.24085607319857,-0.068703134355554
381,51.509293570138,-0.160925386977135,-1.37245620525416,-0.0602045364573004
381.5,51.5092878686091,-0.160925272536903,-1.19605254378552,0.0691569310396835
382,51.5092824353955,-0.160925089309245,-1.21803686708751,-0.00515873573527248
382.5,51.5092764586762,-0.160925182846446,-1.40824495695943,-0.0184684603037298
383,51.509270751832,-0.160925119210564,-1.17301107777628,0.0279492548886088
383.5,51.5092654057197,-0.160924903565681,-1.2012172531569,0.0313387826441479
384,51.5092605084411,-0.160924803776106,-1.01168832677824,0.00161831631550628
384.5,51.5092572730181,-0.160924772276799,-0.515712549816403,0.00630263323202012
385,51.5092550263546,-0.160924708551201,-0.488868100156522,0.0106306720832944
385.5,51.5092537642993,-0.160924325052058,-0.135202056107769,0.0830840345179424
386,51.5092525386588,-0.160923300114583,-0.368993296937962,0.183779096098647
386.5,51.5092516708269,-0.160922165616698,-0.0699877798405862,0.139154445399135
387,51.5092510250182,-0.160920807524813,-0.19530478614722,0.223171382015753
387.5,51.5092505410086,-0.16091888253229,-0.0463775810993623,0.298177221524474
388,51.5092503931727,-0.16091697374097,-0.0234590078456255,0.241848818559208
388.5,51.5092505544913,-0.160915205322322,0.0774448253896681,0.24814353282424
389,51.5092509863537,-0.160913560088137,0.109153341700947,0.214659363574415
389.5,51.5092516753734,-0.160912060572357,0.184234735403773,0.203701242954515
390,51.5092524666706,-0.160911022127623,0.170367267994065,0.102535457768113
390.5,51.5092535271019,-0.16091027131073,0.281882382692707,0.105456550128832
391,51.5092547130945,-0.160910069204611,0.251319092585385,-0.0261121562823462
391.5,51.5092560135414,-0.160910202959171,0.316009133325845,-0.0132944384177482
392,51.5092586618554,-0.160910410479909,0.780596657295121,-0.0396794461267054
392.5,51.5092620302685,-0.160910573862018,0.727784178488798,-0.0107909543212486
393,51.5092662542392,-0.160910560199834,1.08839285221164,0.0107786445957111
393.5,51.5092718704006,-0.160910609729448,1.36260406908798,-0.0192365807420334
394,51.5092778903295,-0.160910862787274,1.32339322379427,-0.0462690129074229
394.5,51.50928323729,-0.160911002344598,1.09627062355934,-0.000554369709691832
395,51.5092891241627,-0.160911095181993,1.45949420165267,-0.0215263203566193
395.5,51.5092952725269,-0.160911517510705,1.30415456761357,-0.0846227636240608
396,51.509301136231,-0.160912347219981,1.30521123831461,-0.136617888600121
396.5,51.5093068723044,-0.160912944269888,1.2561914841312,-0.0453017733544573
397,51.509312801623,-0.160913234125647,1.36360600554772,-0.0367095242674688
397.5,51.5093186420886,-0.160913366964223,1.25480458281185,-0.00566001878043855
398,51.5093243483738,-0.160913465698973,1.28020788662732,-0.0193444257706844
398.5,51.5093300535601,-0.160913721480257,1.26200988605008,-0.0468363281314886
399,51.5093358889047,-0.160914147114231,1.32398466660685,-0.0676858799855212
399.5,51.5093418152185,-0.160914444966651,1.31501416070299,-0.0229282256731418
400,51.5093478821471,-0.160914459702715,1.37448521787033,0.0125712969195525
400.5,51.5093537243488,-0.160914453601664,1.24784585442645,-0.00735974954807911
401,51.5093595627974,-0.160914196266213,1.33507372252313,0.0658960744225906
401.5,51.5093653512035,-0.160914237453099,1.25508416696672,-0.0558494498640366
402,51.5093708267226,-0.16091431864705,1.19271808300674,0.0199287191264708
402.5,51.5093768459555,-0.160914178298668,1.44205015388182,0.0191792376781617
403,51.509382506763,-0.160914378958101,1.13193273142277,-0.0607912705752153
403.5,51.5093887962278,-0.160914446863441,1.58682309739132,0.0265247870663737
404,51.5093946745342,-0.160914713900569,1.11286707452742,-0.0816016411029069
404.5,51.509400597361,-0.16091518703925,1.46147739615662,-0.0545635346637434
405,51.5094064386638,-0.160915265983499,1.18661136475287,0.0195596370136889
405.5,51.5094121009841,-0.160915198128693,1.31131214536538,0.00232541978314988
406,51.5094178945474,-0.16091492975238,1.27366814059765,0.0617225797295104
406.5,51.5094237777834,-0.160914752585252,1.3339402720354,-0.00138541508022615
407,51.5094297034655,-0.160915119834258,1.30780630789122,-0.0857195132534642
407.5,51.5094351796633,-0.160915298473894,1.15606935164165,0.0178356927608756
408,51.5094411105285,-0.160915262899647,1.43427660444666,-0.00408766886145008
408.5,51.5094467271365,-0.160915248145528,1.12065446107706,0.00634408372378067
409,51.5094524783399,-0.160915250732117,1.39110462634851,-0.00505142387140217
409.5,51.5094581369431,-0.160915561634822,1.16676076953749,-0.0698526900279306
410,51.5094636161693,-0.160915838916607,1.2559468182146,-0.0165555664762463
410.5,51.5094694114934,-0.160915751367851,1.31308996351789,0.0322548043713265
411,51.5094752436096,-0.160915237331804,1.28700745341966,0.0987599708989548
411.5,51.5094808506258,-0.160915080674623,1.2201144859142,-0.0321530184116255
412,51.5094866415592,-0.160915513128096,1.33651171424288,-0.0795736091226668
412.5,51.5094924798266,-0.160915780998573,1.27293910859729,-0.00752934116109531
413,51.509498451671,-0.16091552501603,1.36796938229935,0.0656952497894558
413.5,51.5095042439389,-0.160915266150451,1.23351809197253,0.0151185691372146
414,51.5095104007232,-0.160915262312544,1.46552309006959,-0.00967706011288863
414.5,51.5095160170513,-0.160915375878831,1.09867608375583,-0.0200333836808504
415,51.5095217668174,-0.160915367455931,1.40594582305619,0.0160115940251667
415.5,51.509527517061,-0.160915120368154,1.19103763840357,0.0471169473855048
416,51.5095334034674,-0.160915029008085,1.39298098293291,-0.0114163240925274
416.5,51.5095391542394,-0.160915196635013,1.20031293508648,-0.0315768948674344
417,51.5095449049606,-0.160915317599547,1.33516135491536,-0.00644983773240224
417.5,51.5095506098055,-0.16091547815827,1.22341336377662,-0.0333849767688488
418,51.5095566161837,-0.160916127908114,1.41570086622305,-0.130003851900303
418.5,51.5095621747903,-0.16091637358177,1.11171679306241,0.0330114805249576
419,51.5095678708102,-0.16091657132593,1.37648627098265,-0.0697854988779166
419.5,51.5095735685404,-0.160917010136188,1.19179458950094,-0.0547311959570742
420,51.5095793196929,-0.160916965007046,1.3412873400544,0.0489645577643871
420.5,51.509585116054,-0.160916823160756,1.25374393174782,-0.000792419571119925
421,51.5095910928043,-0.160916858884943,1.38326186133159,-0.00787798807378749
421.5,51.5095967457093,-0.160917286801129,1.17009523011138,-0.0954948595191525
422,51.509602219256,-0.160917687518665,1.25146432148152,-0.027742807349344
422.5,51.5096077915188,-0.160917785176102,1.23184821643238,-0.00363202954861242
423,51.5096123292787,-0.160917938771427,0.854248175430103,-0.0337136845345917
423.5,51.5096160572619,-0.160917922834329,0.812246194704813,0.0273615236098444
424,51.5096184802282,-0.16091799058763,0.347986355517451,-0.0351461997996604
424.5,51.5096198257182,-0.160918126740076,0.265380953406777,-0.00753637643029759
425,51.509620005312,-0.160918131031863,-0.117829985483394,0.00426238932767083
