0,51.509,-0.16105,38.821,-0.015966,0.04713,0.0094045
0.5,51.509,-0.16105,38.826,0.08007,0.012944,-0.0083511
1,51.509,-0.16105,38.794,0.16147,0.020109,0.0024649
1.5,51.509,-0.16105,38.766,0.33356,0.022117,0.015457
2,51.509,-0.16105,38.725,0.54622,0.040509,0.027622
2.5,51.509,-0.16105,38.73,0.76141,0.051376,0.014469
3,51.509,-0.16105,38.736,0.99698,0.061179,0.003958
3.5,51.509,-0.16104,38.728,1.1109,0.037962,-0.00065335
4,51.509,-0.16104,38.72,1.1732,0.023382,-0.017908
4.5,51.509,-0.16104,38.675,1.2105,0.01596,-0.020441
5,51.509,-0.16104,38.706,1.2226,0.010221,-0.040881
5.5,51.509,-0.16104,38.695,1.241,-0.0045411,-0.04622
6,51.509,-0.16104,38.687,1.2374,0.013128,-0.049702
6.5,51.509,-0.16104,38.685,1.2379,0.01807,-0.044362
7,51.509,-0.16104,38.69,1.2526,0.0070683,-0.036148
7.5,51.509,-0.16104,38.721,1.2524,0.010309,-0.038282
8,51.509,-0.16104,38.703,1.2439,0.0068276,-0.031806
8.5,51.509,-0.16104,38.719,1.2495,0.0029525,-0.037004
9,51.509,-0.16104,38.714,1.2566,0.010205,-0.03798
9.5,51.509,-0.16104,38.687,1.2633,0.022728,-0.030214
10,51.509,-0.16104,38.655,1.2497,0.028686,-0.021351
10.5,51.509,-0.16104,38.646,1.2477,0.023823,-0.012065
11,51.509,-0.16104,38.609,1.259,0.014775,-0.013156
11.5,51.509,-0.16104,38.59,1.2571,0.024068,-0.0049979
12,51.509,-0.16104,38.575,1.2569,0.0095362,-0.0045335
12.5,51.509,-0.16104,38.565,1.2463,-0.0037472,-0.0061289
13,51.509,-0.16104,38.577,1.2431,-0.0019321,-0.012564
13.5,51.509,-0.16104,38.606,1.2436,0.0038145,-0.014358
14,51.509,-0.16104,38.585,1.2569,0.0097243,-0.012585
14.5,51.509,-0.16104,38.603,1.247,-0.015052,-0.0091668
15,51.509,-0.16104,38.577,1.2497,-0.020957,0.0067982
15.5,51.509,-0.16104,38.558,1.2373,-0.01808,0.0016879
16,51.509,-0.16104,38.535,1.2278,-0.0128,0.0046559
16.5,51.509,-0.16104,38.511,1.2337,-0.01087,0.0094771
17,51.509,-0.16104,38.519,1.2224,-0.0070253,0.013311
17.5,51.509,-0.16104,38.526,1.2285,-0.0062086,-0.0069653
18,51.509,-0.16104,38.544,1.2391,-0.0016342,-0.026417
18.5,51.509,-0.16104,38.53,1.2342,-0.0058652,-0.017517
19,51.509,-0.16104,38.514,1.2394,-0.00098273,-0.01582
19.5,51.509,-0.16104,38.525,1.2458,0.0058857,-0.025721
20,51.509,-0.16104,38.548,1.2519,0.0083496,-0.035482
20.5,51.509,-0.16104,38.546,1.2469,0.0080272,-0.033359
21,51.509,-0.16104,38.553,1.2373,0.011435,-0.038174
21.5,51.509,-0.16104,38.581,1.2361,0.0094339,-0.042592
22,51.509,-0.16104,38.555,1.2459,-0.0041443,-0.025769
22.5,51.509,-0.16104,38.514,1.2425,-0.008743,-0.013801
23,51.509,-0.16104,38.504,1.2485,-0.014029,-0.01745
23.5,51.509,-0.16104,38.519,1.2292,0.00080605,-0.027588
24,51.51,-0.16104,38.525,1.2341,0.0050447,-0.023909
24.5,51.51,-0.16104,38.554,1.2322,-0.0017596,-0.030921
25,51.51,-0.16104,38.568,1.2409,-0.004022,-0.036679
25.5,51.51,-0.16104,38.591,1.2454,-0.020654,-0.037735
26,51.51,-0.16104,38.585,1.2601,-0.0071107,-0.036055
26.5,51.51,-0.16104,38.567,1.2548,-0.014313,-0.025415
27,51.51,-0.16104,38.547,1.2327,-0.01324,-0.016389
27.5,51.51,-0.16104,38.527,1.2337,-0.031712,-0.0094105
28,51.51,-0.16104,38.508,1.2428,-0.030485,-0.01464
28.5,51.51,-0.16104,38.515,1.2413,-0.033277,-0.015203
29,51.51,-0.16104,38.516,1.2433,-0.038976,-0.019908
29.5,51.51,-0.16104,38.517,1.2428,-0.0342,-0.02451
30,51.51,-0.16104,38.533,1.2484,-0.02177,-0.035179
30.5,51.51,-0.16104,38.56,1.2501,-0.019448,-0.041067
31,51.51,-0.16104,38.572,1.2536,-0.016314,-0.040293
31.5,51.51,-0.16104,38.566,1.2441,-0.0096166,-0.03092
32,51.51,-0.16104,38.57,1.2389,-0.014418,-0.028929
32.5,51.51,-0.16104,38.564,1.1166,-0.029716,-0.016328
33,51.51,-0.16104,38.54,0.93562,-0.04109,-0.0023379
33.5,51.51,-0.16104,38.551,0.72442,-0.058905,-0.010138
34,51.51,-0.16104,38.55,0.48446,-0.060505,-0.015641
34.5,51.51,-0.16104,38.548,0.36434,-0.017039,-0.011009
35,51.51,-0.16104,38.568,0.31744,0.0427,-0.021953
35.5,51.51,-0.16104,38.567,0.25376,0.095318,-0.014072
36,51.51,-0.16104,38.575,0.18674,0.14044,-0.014814
36.5,51.51,-0.16103,38.583,0.12908,0.17224,-0.013007
37,51.51,-0.16103,38.587,0.074158,0.18909,-0.018036
37.5,51.51,-0.16103,38.584,0.013166,0.20646,-0.0094779
38,51.51,-0.16103,38.584,-0.057467,0.21053,-0.0014285
38.5,51.51,-0.16103,38.558,-0.10866,0.18606,0.009959
39,51.51,-0.16103,38.531,-0.17304,0.15443,0.016322
39.5,51.51,-0.16103,38.538,-0.20044,0.11476,0.015716
40,51.51,-0.16103,38.533,-0.23529,0.06117,0.010605
40.5,51.51,-0.16103,38.515,-0.37981,0.03358,0.012796
41,51.51,-0.16103,38.494,-0.57255,-0.015389,-0.0030434
41.5,51.51,-0.16103,38.478,-0.79483,-0.026291,-0.0079207
42,51.51,-0.16103,38.477,-1.0212,-0.042836,-0.01355
42.5,51.51,-0.16103,38.472,-1.1307,-0.028953,-0.0065592
43,51.51,-0.16103,38.496,-1.1933,-0.015957,-0.026533
43.5,51.51,-0.16103,38.483,-1.2061,-0.011978,-0.022852
44,51.51,-0.16103,38.49,-1.2237,-0.019392,-0.01932
44.5,51.51,-0.16103,38.497,-1.2281,-0.0098317,-0.021114
45,51.51,-0.16102,38.471,-1.2418,0.0059785,-0.0070314
45.5,51.51,-0.16102,38.445,-1.2505,-0.0067946,0.00037089
46,51.51,-0.16102,38.405,-1.2553,0.00016547,0.0072711
46.5,51.51,-0.16102,38.389,-1.2348,-0.016179,0.012134
47,51.51,-0.16103,38.376,-1.2523,-0.023323,0.016657
47.5,51.51,-0.16103,38.399,-1.2461,-0.027985,-0.0074864
48,51.51,-0.16103,38.382,-1.2492,-0.029404,-0.0096986
48.5,51.51,-0.16103,38.379,-1.2592,-0.015599,-0.011961
49,51.51,-0.16103,38.367,-1.2488,-0.021557,-0.015176
49.5,51.51,-0.16103,38.388,-1.2533,0.0041411,-0.031005
50,51.509,-0.16103,38.389,-1.2647,-0.00010773,-0.027758
50.5,51.509,-0.16103,38.413,-1.2542,0.00818,-0.03038
51,51.509,-0.16103,38.426,-1.27,0.0035378,-0.037265
51.5,51.509,-0.16103,38.432,-1.2595,0.0077887,-0.030081
52,51.509,-0.16103,38.431,-1.2485,0.01442,-0.030418
52.5,51.509,-0.16102,38.418,-1.245,0.011314,-0.030142
53,51.509,-0.16102,38.437,-1.2428,0.00092269,-0.038275
53.5,51.509,-0.16102,38.387,-1.2559,0.0048,-0.014614
54,51.509,-0.16103,38.358,-1.2586,-0.00034528,-0.0016606
54.5,51.509,-0.16102,38.339,-1.2606,-0.0024664,0.012434
55,51.509,-0.16102,38.335,-1.267,-0.00084087,0.014856
55.5,51.509,-0.16102,38.33,-1.2518,0.014015,0.018368
56,51.509,-0.16102,38.316,-1.2606,0.0024565,0.022151
56.5,51.509,-0.16102,38.293,-1.2496,0.011351,0.030174
57,51.509,-0.16102,38.26,-1.2469,0.0089354,0.028635
57.5,51.509,-0.16102,38.231,-1.2487,0.020952,0.027912
58,51.509,-0.16102,38.222,-1.2543,0.040979,0.016237
58.5,51.509,-0.16102,38.195,-1.2571,0.034574,0.025447
59,51.509,-0.16102,38.165,-1.2678,0.02268,0.026403
59.5,51.509,-0.16102,38.152,-1.2604,0.022965,0.032587
60,51.509,-0.16102,38.137,-1.2633,0.020731,0.02645
60.5,51.509,-0.16102,38.137,-1.261,0.0069982,0.016826
61,51.509,-0.16102,38.128,-1.2522,-0.0087107,0.014842
61.5,51.509,-0.16102,38.112,-1.2468,-0.020506,0.017704
62,51.509,-0.16102,38.093,-1.253,-0.024323,0.006882
62.5,51.509,-0.16102,38.094,-1.2571,-0.016451,0.0049515
63,51.509,-0.16102,38.082,-1.2532,-0.02553,0.0049285
63.5,51.509,-0.16102,38.096,-1.2668,-0.017355,-0.0034209
64,51.509,-0.16102,38.099,-1.2571,-0.02703,-0.012173
64.5,51.509,-0.16102,38.105,-1.2466,-0.021923,-0.017442
65,51.509,-0.16102,38.095,-1.2566,-0.011898,-0.018808
65.5,51.509,-0.16102,38.093,-1.2443,0.016448,-0.010468
66,51.509,-0.16102,38.106,-1.2514,0.031043,-0.015278
66.5,51.509,-0.16102,38.104,-1.2638,0.020522,-0.020977
67,51.509,-0.16102,38.122,-1.2445,0.014632,-0.025135
67.5,51.509,-0.16102,38.095,-1.2391,0.0091319,-0.010306
68,51.509,-0.16102,38.1,-1.2318,0.0081275,-0.012721
68.5,51.509,-0.16102,38.119,-1.2313,0.0035523,-0.016355
69,51.509,-0.16102,38.087,-1.2436,-0.0009427,-0.0063382
69.5,51.509,-0.16102,38.098,-1.2481,-0.0010717,-0.009867
70,51.509,-0.16102,38.073,-1.255,0.0033452,-0.00045121
70.5,51.509,-0.16102,38.045,-1.2543,0.0056845,0.010682
71,51.509,-0.16102,38.025,-1.2571,0.0064296,0.00807
71.5,51.509,-0.16102,38.035,-1.1204,0.0098747,0.0032514
72,51.509,-0.16102,38.064,-0.93781,0.032409,-0.0091006
72.5,51.509,-0.16102,38.094,-0.71853,0.047919,-0.012004
73,51.509,-0.16102,38.053,-0.49412,0.058235,0.0064312
73.5,51.509,-0.16102,38.063,-0.35298,0.084994,-0.0039469
74,51.509,-0.16102,38.073,-0.28395,0.10765,-0.0043704
74.5,51.509,-0.16102,38.122,-0.21837,0.13544,-0.014477
75,51.509,-0.16102,38.116,-0.1733,0.19279,-0.014548
75.5,51.509,-0.16102,38.097,-0.10558,0.2238,-0.00020524
76,51.509,-0.16102,38.076,-0.041494,0.24946,0.010886
76.5,51.509,-0.16101,38.069,0.010097,0.24833,0.014514
77,51.509,-0.16101,38.046,0.06978,0.24855,0.021759
77.5,51.509,-0.16101,38.033,0.11133,0.22428,0.015294
78,51.509,-0.16101,38.041,0.15811,0.19851,0.0051708
78.5,51.509,-0.16101,38.033,0.18089,0.14208,0.0027773
79,51.509,-0.16101,38.031,0.19661,0.080046,-0.0031703
79.5,51.509,-0.16101,38.017,0.34111,0.060678,-0.012601
80,51.509,-0.16101,38.016,0.53897,0.052387,-0.0097857
80.5,51.509,-0.16101,38.021,0.76808,0.058042,-0.014851
81,51.509,-0.16101,38.023,0.99879,0.041271,-0.0097336
81.5,51.509,-0.16101,38.024,1.1161,0.025331,-0.014293
82,51.509,-0.16101,37.991,1.1854,0.014732,0.003578
82.5,51.509,-0.16101,37.988,1.2252,0.0037429,0.0031111
83,51.509,-0.16101,37.98,1.2398,0.003628,0.0055772
83.5,51.509,-0.16101,37.945,1.2383,0.005009,0.012885
84,51.509,-0.16101,37.929,1.2516,-0.016668,0.012694
84.5,51.509,-0.16101,37.921,1.2544,-0.02115,0.018411
85,51.509,-0.16101,37.932,1.259,-0.011506,-0.002085
85.5,51.509,-0.16101,37.946,1.2531,0.0016409,-0.017075
86,51.509,-0.16101,37.955,1.2537,0.013189,-0.019665
86.5,51.509,-0.16101,37.978,1.2441,0.011428,-0.03721
87,51.509,-0.16101,37.993,1.2312,0.00062999,-0.042297
87.5,51.509,-0.16101,38.011,1.2363,-0.025852,-0.040384
88,51.509,-0.16101,38.02,1.2513,-0.02845,-0.031003
88.5,51.509,-0.16101,38.002,1.2488,-0.031204,-0.023001
89,51.509,-0.16101,37.964,1.2599,-0.016805,0.0067144
89.5,51.509,-0.16101,37.928,1.2581,-0.018491,0.030811
90,51.509,-0.16101,37.884,1.2521,0.0017365,0.037838
90.5,51.509,-0.16101,37.853,1.2448,-0.0069882,0.042239
91,51.509,-0.16101,37.841,1.2544,-0.002458,0.031617
91.5,51.509,-0.16101,37.817,1.2424,-0.017751,0.03559
92,51.509,-0.16101,37.803,1.2436,-0.0099659,0.02853
92.5,51.509,-0.16101,37.796,1.241,-0.022143,0.019566
93,51.509,-0.16101,37.799,1.2435,-0.019382,0.0056891
93.5,51.509,-0.16101,37.804,1.2445,-0.0098251,-0.0047035
94,51.509,-0.16101,37.812,1.262,0.0068444,-0.0047775
94.5,51.509,-0.16101,37.787,1.2526,0.0068765,7.3621e-05
95,51.509,-0.16101,37.788,1.2531,0.027016,0.0039895
95.5,51.509,-0.16101,37.784,1.2555,0.0089484,0.0031984
96,51.509,-0.16101,37.796,1.2408,-0.0025818,-0.0037754
96.5,51.509,-0.16101,37.796,1.2445,0.0091615,0.00095999
97,51.509,-0.16101,37.788,1.2422,0.01807,0.0083249
97.5,51.509,-0.16101,37.787,1.267,0.01639,0.0091519
98,51.509,-0.16101,37.782,1.2622,0.01824,0.00099618
98.5,51.509,-0.16101,37.777,1.2459,0.019489,0.0040507
99,51.509,-0.16101,37.794,1.2408,0.032231,-0.0096415
99.5,51.509,-0.16101,37.787,1.2393,0.041674,-0.012083
100,51.509,-0.16101,37.801,1.2452,0.015771,-0.020314
100.5,51.509,-0.16101,37.803,1.2438,0.01867,-0.016414
101,51.509,-0.16101,37.784,1.2431,-0.0014248,-0.0040911
101.5,51.509,-0.16101,37.775,1.2337,0.0033823,-1.5581e-05
102,51.509,-0.16101,37.773,1.2394,0.0059346,-0.0055489
102.5,51.51,-0.16101,37.781,1.2537,-0.0021175,-0.0019921
103,51.51,-0.16101,37.825,1.2489,0.017784,-0.02276
103.5,51.51,-0.16101,37.814,1.2593,-4.4361e-05,-0.016253
104,51.51,-0.16101,37.81,1.2613,-0.013556,-0.013545
104.5,51.51,-0.16101,37.793,1.2408,-0.02178,-0.0019251
105,51.51,-0.16101,37.793,1.2481,-0.024564,-0.0039717
105.5,51.51,-0.16101,37.781,1.2596,-0.026569,-0.0021319
106,51.51,-0.16101,37.794,1.2626,-0.016709,-0.012634
106.5,51.51,-0.16101,37.793,1.2527,-0.01224,-0.0017094
107,51.51,-0.16101,37.807,1.2451,-0.0070784,-0.0048038
107.5,51.51,-0.16101,37.826,1.2564,0.0014332,-0.012718
108,51.51,-0.16101,37.84,1.262,0.0033198,-0.012766
108.5,51.51,-0.16101,37.854,1.2709,-0.0027882,-0.0052187
109,51.51,-0.16101,37.854,1.2691,-0.0091954,-0.012838
109.5,51.51,-0.16101,37.87,1.2627,-0.0098334,-0.023561
110,51.51,-0.16101,37.87,1.2689,-0.024213,-0.020909
110.5,51.51,-0.16101,37.876,1.1479,-0.037477,-0.025499
111,51.51,-0.16101,37.882,0.96044,-0.047992,-0.019952
111.5,51.51,-0.16101,37.904,0.73385,-0.05356,-0.022929
112,51.51,-0.16101,37.892,0.49389,-0.062554,-0.012117
112.5,51.51,-0.16101,37.882,0.36316,-0.020833,-0.0024754
113,51.51,-0.16101,37.891,0.30212,0.048996,-0.00158
113.5,51.51,-0.16101,37.9,0.22271,0.10816,-0.015194
114,51.51,-0.16101,37.879,0.18227,0.13957,-0.00040168
114.5,51.51,-0.161,37.91,0.123,0.1814,-0.022709
115,51.51,-0.161,37.931,0.057616,0.20741,-0.026067
115.5,51.51,-0.161,37.923,-0.0015236,0.20709,-0.024361
116,51.51,-0.161,37.918,-0.061409,0.2008,-0.021953
116.5,51.51,-0.161,37.92,-0.11386,0.19263,-0.021711
117,51.51,-0.161,37.922,-0.16606,0.15548,-0.020986
117.5,51.51,-0.161,37.909,-0.21621,0.11052,-0.015644
118,51.51,-0.161,37.935,-0.23537,0.065913,-0.021138
118.5,51.51,-0.161,37.929,-0.36951,0.025709,-0.022308
119,51.51,-0.161,37.948,-0.5698,-0.00024142,-0.027122
119.5,51.51,-0.161,37.948,-0.78253,-0.0012416,-0.025656
120,51.51,-0.161,37.924,-1.0012,-0.01817,-0.019129
120.5,51.51,-0.161,37.933,-1.1256,-0.024175,-0.028513
121,51.51,-0.161,37.93,-1.1913,-0.026644,-0.021868
121.5,51.51,-0.161,37.922,-1.2231,-0.00012956,-0.012408
122,51.51,-0.161,37.912,-1.2282,0.0053434,-0.014228
122.5,51.51,-0.161,37.895,-1.2396,0.008478,0.0052563
123,51.51,-0.161,37.882,-1.2486,-0.012548,0.007414
123.5,51.51,-0.161,37.893,-1.2439,-0.01439,-0.0064214
124,51.51,-0.161,37.907,-1.2535,-0.019102,-0.01823
124.5,51.51,-0.161,37.915,-1.2548,-0.025802,-0.01448
125,51.51,-0.161,37.903,-1.2515,-0.036994,-0.009002
125.5,51.51,-0.161,37.904,-1.2512,-0.02586,-0.0083903
126,51.51,-0.161,37.9,-1.2495,-0.011868,-0.009575
126.5,51.51,-0.161,37.914,-1.2575,0.0072659,-0.015044
127,51.51,-0.161,37.895,-1.2424,0.0065491,-0.0066692
127.5,51.51,-0.161,37.894,-1.2275,0.014581,-0.00288
128,51.509,-0.161,37.886,-1.2314,0.0043048,0.0027094
128.5,51.509,-0.161,37.869,-1.235,0.017778,0.004122
129,51.509,-0.161,37.857,-1.2464,0.011015,0.00052035
129.5,51.509,-0.161,37.869,-1.238,-0.0018189,-0.0085671
130,51.509,-0.161,37.876,-1.2539,-0.010241,-0.016662
130.5,51.509,-0.161,37.864,-1.2631,-0.010556,-0.010476
131,51.509,-0.161,37.867,-1.2612,-0.012731,-0.0022199
131.5,51.509,-0.161,37.852,-1.2523,-0.013526,0.0075746
132,51.509,-0.161,37.873,-1.2595,-0.011427,-0.0021139
132.5,51.509,-0.161,37.873,-1.2486,0.0068308,0.010422
133,51.509,-0.161,37.853,-1.2506,0.018668,0.016055
133.5,51.509,-0.161,37.858,-1.2476,0.032597,0.00065603
134,51.509,-0.161,37.855,-1.2569,0.040533,-0.0029372
134.5,51.509,-0.16099,37.865,-1.2437,0.041833,-0.011374
135,51.509,-0.16099,37.878,-1.2319,0.03522,-0.012384
135.5,51.509,-0.16099,37.883,-1.2382,0.014564,-0.014523
136,51.509,-0.16099,37.864,-1.2477,0.0068231,-0.0017993
136.5,51.509,-0.16099,37.866,-1.2541,0.011543,-0.001254
137,51.509,-0.16099,37.873,-1.2532,0.016873,-0.00051803
137.5,51.509,-0.16099,37.844,-1.2481,0.021415,0.014022
138,51.509,-0.16099,37.832,-1.239,0.017438,0.022746
138.5,51.509,-0.16099,37.848,-1.2454,0.020928,0.0080374
139,51.509,-0.16099,37.868,-1.2425,0.02426,-0.0022238
139.5,51.509,-0.16099,37.878,-1.2408,0.024882,-0.0005077
140,51.509,-0.16099,37.871,-1.2562,0.025142,0.00061191
140.5,51.509,-0.16099,37.883,-1.2657,0.023554,-0.0081415
141,51.509,-0.16099,37.879,-1.2513,0.028606,-0.0098367
141.5,51.509,-0.16099,37.864,-1.2461,0.0077422,-0.0015749
142,51.509,-0.16099,37.844,-1.2572,0.0010986,0.0064947
142.5,51.509,-0.16099,37.833,-1.2584,0.010486,0.0094834
143,51.509,-0.16099,37.794,-1.2594,0.0029672,0.035302
143.5,51.509,-0.16099,37.769,-1.2558,-0.0043814,0.033107
144,51.509,-0.16099,37.772,-1.24,-0.0020394,0.026723
144.5,51.509,-0.16099,37.783,-1.2517,0.0013286,0.015719
145,51.509,-0.16099,37.797,-1.2474,0.012066,-0.0018286
145.5,51.509,-0.16099,37.807,-1.2501,0.0049557,-0.0054108
146,51.509,-0.16099,37.809,-1.2586,0.017428,-0.0066172
146.5,51.509,-0.16099,37.83,-1.2563,0.0024915,-0.011493
147,51.509,-0.16099,37.841,-1.2403,0.012206,-0.016226
147.5,51.509,-0.16099,37.829,-1.2603,0.011847,-0.010663
148,51.509,-0.16099,37.84,-1.258,0.022544,-0.01856
148.5,51.509,-0.16099,37.857,-1.2677,0.015688,-0.022461
149,51.509,-0.16099,37.851,-1.2682,0.018229,-0.014649
149.5,51.509,-0.16099,37.833,-1.1453,0.030884,0.0021828
150,51.509,-0.16099,37.832,-0.95541,0.044566,-0.00048428
150.5,51.509,-0.16099,37.831,-0.73091,0.042338,0.009161
151,51.509,-0.16099,37.814,-0.49793,0.033662,0.013903
151.5,51.509,-0.16099,37.795,-0.36466,0.053409,0.016265
152,51.509,-0.16099,37.804,-0.28068,0.10433,0.0071606
152.5,51.509,-0.16099,37.814,-0.22203,0.13159,-0.0028042
153,51.509,-0.16099,37.813,-0.17016,0.17524,-0.00077058
153.5,51.509,-0.16099,37.804,-0.11505,0.20774,0.0012669
154,51.509,-0.16099,37.808,-0.060737,0.22318,0.0064829
154.5,51.509,-0.16098,37.808,-0.0043615,0.24278,0.0038455
155,51.509,-0.16098,37.823,0.056946,0.23762,-0.0037669
155.5,51.509,-0.16098,37.828,0.10655,0.21587,0.00026248
156,51.509,-0.16098,37.832,0.15736,0.1812,-0.0043061
156.5,51.509,-0.16098,37.826,0.1779,0.13182,-0.0076792
157,51.509,-0.16098,37.824,0.20701,0.079587,-0.0091956
157.5,51.509,-0.16098,37.846,0.3478,0.051536,-0.025999
158,51.509,-0.16098,37.838,0.54214,0.039928,-0.011888
158.5,51.509,-0.16098,37.845,0.77572,0.038801,-0.0067646
159,51.509,-0.16098,37.848,1.0067,0.043232,-0.0012987
159.5,51.509,-0.16098,37.83,1.1205,0.03799,0.00049552
160,51.509,-0.16098,37.832,1.1849,0.017407,-0.0051889
160.5,51.509,-0.16098,37.847,1.219,0.013772,-0.0203
161,51.509,-0.16098,37.884,1.239,0.015439,-0.032798
161.5,51.509,-0.16098,37.898,1.2402,0.01755,-0.023745
162,51.509,-0.16098,37.916,1.2364,0.017742,-0.021473
162.5,51.509,-0.16098,37.92,1.2463,0.01674,-0.01831
163,51.509,-0.16098,37.92,1.2511,0.0029581,-0.013074
163.5,51.509,-0.16098,37.904,1.2462,0.011308,0.0021349
164,51.509,-0.16098,37.899,1.2574,0.0014806,0.0086142
164.5,51.509,-0.16098,37.884,1.2579,0.00023509,0.013951
165,51.509,-0.16098,37.869,1.257,-0.0011908,0.016523
165.5,51.509,-0.16098,37.854,1.2582,0.003002,0.020662
166,51.509,-0.16098,37.878,1.264,0.010016,-0.0016817
166.5,51.509,-0.16098,37.889,1.2624,0.0037539,-0.018137
167,51.509,-0.16098,37.894,1.2535,0.012834,-0.018548
167.5,51.509,-0.16098,37.902,1.2424,0.0062818,-0.021975
168,51.509,-0.16098,37.918,1.2521,0.0097674,-0.029165
168.5,51.509,-0.16098,37.912,1.25,0.00060756,-0.021603
169,51.509,-0.16098,37.907,1.2551,-0.011552,-0.021006
169.5,51.509,-0.16098,37.935,1.2487,-0.011928,-0.031178
170,51.509,-0.16098,37.935,1.2413,-0.010004,-0.029205
170.5,51.509,-0.16098,37.955,1.2458,-0.011257,-0.037499
171,51.509,-0.16098,37.931,1.2362,-0.0058922,-0.016733
171.5,51.509,-0.16098,37.934,1.2281,-0.0091759,-0.0085729
172,51.509,-0.16098,37.93,1.2341,-0.0070911,-0.0097377
172.5,51.509,-0.16098,37.914,1.2354,-0.0026168,0.0023474
173,51.509,-0.16098,37.922,1.2343,0.012877,-0.0057704
173.5,51.509,-0.16098,37.917,1.2386,0.007876,-0.0059817
174,51.509,-0.16098,37.921,1.2482,0.013668,-0.0027911
174.5,51.509,-0.16098,37.93,1.2545,0.016587,-0.0047177
175,51.509,-0.16098,37.928,1.2396,0.0023288,0.0031347
175.5,51.509,-0.16098,37.911,1.252,-0.00048477,0.0085185
176,51.509,-0.16098,37.94,1.2568,0.015496,-0.0090784
176.5,51.509,-0.16098,37.925,1.2599,0.0040431,-0.0055941
177,51.509,-0.16098,37.914,1.2475,0.0066956,-0.0026111
177.5,51.509,-0.16098,37.944,1.2438,0.019908,-0.010522
178,51.509,-0.16098,37.966,1.2517,0.022527,-0.023154
178.5,51.509,-0.16098,37.953,1.2534,0.022824,-0.017178
179,51.509,-0.16098,37.972,1.2416,0.027305,-0.028752
179.5,51.509,-0.16098,37.969,1.2345,0.024929,-0.022811
180,51.509,-0.16098,37.996,1.2356,0.011164,-0.031702
180.5,51.51,-0.16098,38.012,1.2372,0.012433,-0.027324
181,51.51,-0.16098,38.011,1.2314,0.0092876,-0.014893
181.5,51.51,-0.16098,37.987,1.2339,5.5331e-05,-0.0062202
182,51.51,-0.16098,37.97,1.244,-0.00020533,0.0012878
182.5,51.51,-0.16098,37.948,1.2444,-0.0027968,0.015628
183,51.51,-0.16098,37.952,1.247,0.0079085,0.010533
183.5,51.51,-0.16098,37.951,1.2509,0.0049378,-0.0013902
184,51.51,-0.16098,37.923,1.2406,0.00099923,0.019601
184.5,51.51,-0.16098,37.904,1.2327,0.0042186,0.025489
185,51.51,-0.16098,37.903,1.2469,-0.008337,0.014441
185.5,51.51,-0.16098,37.858,1.249,-0.024409,0.027384
186,51.51,-0.16098,37.843,1.251,-0.019175,0.023429
186.5,51.51,-0.16098,37.823,1.2489,-0.011912,0.019153
187,51.51,-0.16098,37.816,1.2343,-0.01398,0.016141
187.5,51.51,-0.16098,37.815,1.255,-0.0096952,0.01049
188,51.51,-0.16098,37.789,1.2619,-0.0031256,0.013382
188.5,51.51,-0.16098,37.773,1.1352,-0.016732,0.027343
189,51.51,-0.16098,37.752,0.9491,-0.028853,0.020922
189.5,51.51,-0.16098,37.768,0.72092,-0.050653,0.0016819
190,51.51,-0.16098,37.778,0.48166,-0.068553,0.0039101
190.5,51.51,-0.16098,37.741,0.3807,-0.023379,0.01714
191,51.51,-0.16098,37.747,0.3079,0.03702,0.013485
191.5,51.51,-0.16098,37.748,0.24605,0.092334,0.0089905
192,51.51,-0.16097,37.758,0.19783,0.14834,0.011663
192.5,51.51,-0.16097,37.77,0.14848,0.18105,-0.0038528
193,51.51,-0.16097,37.784,0.0884,0.19635,-0.00038408
193.5,51.51,-0.16097,37.785,0.013407,0.20472,0.0030573
194,51.51,-0.16097,37.785,-0.061793,0.20208,-0.0041011
194.5,51.51,-0.16097,37.791,-0.12199,0.18601,-0.010953
195,51.51,-0.16097,37.796,-0.16402,0.15184,-0.014825
195.5,51.51,-0.16096,37.818,-0.2133,0.12294,-0.019004
196,51.51,-0.16096,37.821,-0.23711,0.06598,-0.018392
196.5,51.51,-0.16096,37.801,-0.37505,0.025964,-0.0055152
197,51.51,-0.16096,37.822,-0.56445,-0.0018056,-0.021609
197.5,51.51,-0.16096,37.819,-0.78524,-0.025244,-0.014753
198,51.51,-0.16096,37.823,-1.0271,-0.038992,-0.012898
198.5,51.51,-0.16096,37.803,-1.1432,-0.023221,0.004824
199,51.51,-0.16096,37.792,-1.1893,-0.029738,-0.0011919
199.5,51.51,-0.16096,37.793,-1.2186,-0.028355,-0.00012003
200,51.51,-0.16096,37.779,-1.2266,-0.011351,0.0081721
200.5,51.51,-0.16096,37.759,-1.2476,-0.01008,0.0084091
201,51.51,-0.16096,37.755,-1.2595,0.0021452,0.006481
201.5,51.51,-0.16096,37.734,-1.2566,0.013954,0.009061
202,51.51,-0.16096,37.734,-1.2547,0.017316,0.0055984
202.5,51.51,-0.16096,37.73,-1.2589,0.021398,0.003138
203,51.51,-0.16096,37.721,-1.2616,0.012288,0.0012295
203.5,51.51,-0.16096,37.75,-1.263,0.01007,-0.013588
204,51.51,-0.16096,37.749,-1.2568,0.01789,-0.010126
204.5,51.51,-0.16096,37.767,-1.2494,0.024865,-0.01847
205,51.51,-0.16096,37.797,-1.2452,0.020012,-0.040633
205.5,51.51,-0.16096,37.802,-1.25,0.014857,-0.027617
206,51.509,-0.16096,37.811,-1.261,0.003269,-0.025566
206.5,51.509,-0.16096,37.822,-1.2455,-0.0037211,-0.024587
207,51.509,-0.16096,37.829,-1.2419,-0.011423,-0.023624
207.5,51.509,-0.16096,37.845,-1.2408,-0.016429,-0.027608
208,51.509,-0.16096,37.857,-1.2423,-0.012281,-0.027784
208.5,51.509,-0.16096,37.876,-1.2417,-0.024528,-0.029815
209,51.509,-0.16096,37.885,-1.2442,-0.011003,-0.015376
209.5,51.509,-0.16096,37.886,-1.2538,-0.0097488,-0.014539
210,51.509,-0.16096,37.883,-1.2569,0.0064945,-0.0063326
210.5,51.509,-0.16096,37.899,-1.2523,0.021733,-0.009425
211,51.509,-0.16096,37.911,-1.2547,0.008943,-0.015384
211.5,51.509,-0.16096,37.9,-1.2573,0.023261,-0.0043826
212,51.509,-0.16096,37.903,-1.2565,0.0099711,-0.0025625
212.5,51.509,-0.16096,37.924,-1.2552,0.0046904,-0.020065
213,51.509,-0.16096,37.896,-1.2527,-0.018703,-0.0046913
213.5,51.509,-0.16096,37.886,-1.2428,-0.010221,0.0010484
214,51.509,-0.16096,37.861,-1.2523,-0.0036021,0.014585
214.5,51.509,-0.16096,37.838,-1.2469,0.0057127,0.029614
215,51.509,-0.16096,37.818,-1.2359,0.0062616,0.024405
215.5,51.509,-0.16096,37.786,-1.2388,-0.0011874,0.027444
216,51.509,-0.16096,37.776,-1.2428,-0.010316,0.022083
216.5,51.509,-0.16096,37.757,-1.2542,-0.011855,0.021198
217,51.509,-0.16096,37.757,-1.2468,-0.018462,0.011868
217.5,51.509,-0.16096,37.75,-1.2507,-0.0132,0.011801
218,51.509,-0.16096,37.767,-1.2449,-0.0012776,-0.00074831
218.5,51.509,-0.16096,37.788,-1.2449,-0.01221,-0.015688
219,51.509,-0.16096,37.786,-1.2534,0.00093623,-0.0068047
219.5,51.509,-0.16096,37.791,-1.2586,0.0044209,0.00072971
220,51.509,-0.16096,37.811,-1.2475,-0.0050317,-0.012917
220.5,51.509,-0.16096,37.803,-1.2594,0.0033904,-0.0049951
221,51.509,-0.16096,37.814,-1.2467,-0.0024583,-0.013777
221.5,51.509,-0.16096,37.805,-1.2427,-0.0047629,-0.011635
222,51.509,-0.16096,37.794,-1.2465,0.0072817,-0.011726
222.5,51.509,-0.16096,37.785,-1.2474,0.0025602,-0.0029936
223,51.509,-0.16096,37.755,-1.2452,-0.0022476,0.010203
223.5,51.509,-0.16096,37.739,-1.2437,-0.0085489,0.012283
224,51.509,-0.16096,37.739,-1.2534,-0.012456,0.0031818
224.5,51.509,-0.16096,37.734,-1.25,-0.0077878,0.01243
225,51.509,-0.16096,37.743,-1.2549,-0.0028957,0.0062437
225.5,51.509,-0.16096,37.757,-1.2485,-0.0018282,0.007938
226,51.509,-0.16096,37.744,-1.2566,-0.0038693,0.014939
226.5,51.509,-0.16096,37.725,-1.2532,-0.0031456,0.015085
227,51.509,-0.16096,37.709,-1.2571,-0.006316,0.015299
227.5,51.509,-0.16096,37.695,-1.1288,0.020612,0.01275
228,51.509,-0.16096,37.666,-0.94666,0.03679,0.026009
228.5,51.509,-0.16096,37.682,-0.73391,0.045277,0.014468
229,51.509,-0.16096,37.666,-0.49967,0.044896,0.021225
229.5,51.509,-0.16096,37.653,-0.36078,0.082308,0.025202
230,51.509,-0.16096,37.648,-0.29147,0.11497,0.030429
230.5,51.509,-0.16096,37.636,-0.24494,0.14832,0.026533
231,51.509,-0.16096,37.646,-0.17074,0.19293,0.021339
231.5,51.509,-0.16096,37.653,-0.11706,0.22,0.008665
232,51.509,-0.16096,37.67,-0.056937,0.23929,-0.0058056
232.5,51.509,-0.16095,37.694,0.0014285,0.25581,-0.020867
233,51.509,-0.16095,37.706,0.062543,0.24462,-0.016703
233.5,51.509,-0.16095,37.705,0.10895,0.22363,-0.01658
234,51.509,-0.16095,37.708,0.15551,0.18559,-0.010218
234.5,51.509,-0.16095,37.702,0.18466,0.13697,-0.019363
235,51.509,-0.16095,37.674,0.19981,0.070708,0.0020601
235.5,51.509,-0.16095,37.678,0.34491,0.052081,-0.0055476
236,51.509,-0.16095,37.69,0.55328,0.055262,-0.0052408
236.5,51.509,-0.16095,37.687,0.7798,0.052075,-0.00064309
237,51.509,-0.16095,37.694,1.0164,0.063562,-0.00042331
237.5,51.509,-0.16095,37.719,1.1268,0.051741,-0.013063
238,51.509,-0.16095,37.725,1.1822,0.046787,-0.019534
238.5,51.509,-0.16095,37.717,1.2114,0.034921,-0.016121
239,51.509,-0.16095,37.723,1.2189,0.0018462,-0.013023
239.5,51.509,-0.16095,37.7,1.2305,-0.006595,-0.0022356
240,51.509,-0.16095,37.692,1.2359,-0.012534,0.0070132
240.5,51.509,-0.16095,37.667,1.2433,-0.0067188,0.02031
241,51.509,-0.16095,37.64,1.2407,-0.0033716,0.021761
241.5,51.509,-0.16095,37.613,1.2492,-0.00046539,0.027004
242,51.509,-0.16095,37.593,1.2359,-0.00016841,0.033474
242.5,51.509,-0.16095,37.586,1.2432,0.016045,0.028305
243,51.509,-0.16095,37.592,1.2483,0.01324,0.016898
243.5,51.509,-0.16095,37.583,1.2501,-0.0054835,0.013495
244,51.509,-0.16095,37.588,1.2482,0.00033003,0.010289
244.5,51.509,-0.16095,37.58,1.2418,0.0015924,0.018161
245,51.509,-0.16095,37.569,1.2457,-0.0013214,0.027007
245.5,51.509,-0.16095,37.565,1.248,-0.016701,0.018697
246,51.509,-0.16095,37.571,1.2335,-0.0013229,0.010786
246.5,51.509,-0.16095,37.557,1.2335,-0.0032601,0.015749
247,51.509,-0.16095,37.559,1.2411,-0.000706,0.0067792
247.5,51.509,-0.16095,37.563,1.2334,0.0020684,0.0071126
248,51.509,-0.16095,37.563,1.2389,-0.0029468,0.0072279
248.5,51.509,-0.16095,37.563,1.2268,-0.0066949,0.0036954
249,51.509,-0.16095,37.56,1.239,-0.0091146,-0.0019112
249.5,51.509,-0.16095,37.574,1.2343,-0.018898,-0.013433
250,51.509,-0.16095,37.61,1.241,-0.023431,-0.02847
250.5,51.509,-0.16095,37.602,1.2337,-0.02612,-0.013545
251,51.509,-0.16095,37.615,1.2347,-0.031187,-0.021831
251.5,51.509,-0.16095,37.584,1.2452,-0.028112,-0.011443
252,51.509,-0.16095,37.573,1.2483,-0.023888,-0.0054822
252.5,51.509,-0.16095,37.558,1.2518,-0.014561,0.004661
253,51.509,-0.16095,37.552,1.2393,-0.015196,0.0081022
253.5,51.509,-0.16095,37.564,1.2382,-0.0050771,-0.001885
254,51.509,-0.16095,37.523,1.259,-0.010731,0.019056
254.5,51.509,-0.16095,37.51,1.2549,-0.016428,0.023185
255,51.509,-0.16095,37.491,1.2496,-0.01133,0.024015
255.5,51.509,-0.16095,37.496,1.2511,-0.013099,0.017151
256,51.509,-0.16095,37.492,1.2545,-0.0083641,0.0087303
256.5,51.509,-0.16095,37.5,1.2521,0.0060808,0.0022335
257,51.509,-0.16095,37.482,1.2558,0.0036747,0.0119
257.5,51.509,-0.16095,37.486,1.2493,0.0076305,0.00064876
258,51.509,-0.16095,37.454,1.2428,-0.0064705,0.013178
258.5,51.509,-0.16095,37.462,1.2537,-0.0059209,0.0063416
259,51.51,-0.16095,37.456,1.2458,0.005562,0.0084091
259.5,51.51,-0.16095,37.448,1.2444,0.0068575,0.0037943
260,51.51,-0.16095,37.452,1.256,0.014739,0.002663
260.5,51.51,-0.16095,37.454,1.2481,0.022558,-0.0052123
261,51.51,-0.16095,37.445,1.2559,0.03971,-0.0049226
261.5,51.51,-0.16095,37.44,1.2614,0.044545,0.0066879
262,51.51,-0.16095,37.442,1.2676,0.0589,0.0030437
262.5,51.51,-0.16095,37.444,1.2688,0.056681,-0.0028244
263,51.51,-0.16095,37.429,1.2714,0.060925,0.0049024
263.5,51.51,-0.16095,37.434,1.2543,0.046847,-0.00047427
264,51.51,-0.16095,37.422,1.2439,0.035128,-0.00021649
264.5,51.51,-0.16095,37.412,1.2442,0.030341,0.0064887
265,51.51,-0.16095,37.416,1.238,0.016233,-0.0025271
265.5,51.51,-0.16095,37.435,1.2331,0.0069857,-0.015154
266,51.51,-0.16095,37.614,1.2416,0.017822,-0.019229
266.5,51.51,-0.16095,37.774,1.1248,-0.0022512,-0.014165
267,51.51,-0.16095,37.934,0.94698,-0.03009,-0.023106
267.5,51.51,-0.16095,38.092,0.73152,-0.027938,-0.016367
268,51.51,-0.16095,38.269,0.4981,-0.045537,-0.014456
268.5,51.51,-0.16095,38.429,0.37721,-0.03035,-0.022569
269,51.51,-0.16095,38.574,0.30464,0.034365,-0.0057132
269.5,51.51,-0.16095,38.756,0.26026,0.094901,-0.0075084
270,51.51,-0.16095,38.907,0.20044,0.15592,-0.0024134
270.5,51.51,-0.16094,39.071,0.14166,0.18148,0.0030222
271,51.51,-0.16094,39.218,0.078309,0.21175,-0.002497
271.5,51.51,-0.16094,39.397,0.0082938,0.21469,-0.012999
272,51.51,-0.16094,39.562,-0.070486,0.22849,-0.015342
272.5,51.51,-0.16094,39.731,-0.12285,0.20837,-0.02952
273,51.51,-0.16094,39.878,-0.18531,0.16948,-0.035161
273.5,51.51,-0.16094,40.047,-0.20446,0.10746,-0.033446
274,51.51,-0.16094,40.218,-0.23348,0.059307,-0.049915
274.5,51.51,-0.16094,40.345,-0.36717,0.021534,-0.03403
275,51.51,-0.16094,40.504,-0.55152,-0.0049453,-0.036455
275.5,51.51,-0.16094,40.65,-0.77509,-0.033102,-0.026991
276,51.51,-0.16094,40.839,-1.0197,-0.04926,-0.035601
276.5,51.51,-0.16094,40.822,-1.1499,-0.044461,-0.02216
277,51.51,-0.16094,40.807,-1.2055,-0.016524,-0.0062964
277.5,51.51,-0.16094,40.81,-1.2341,-0.0049535,-0.014166
278,51.51,-0.16094,40.8,-1.2415,0.0055135,-0.0088577
278.5,51.51,-0.16094,40.802,-1.2401,0.0082662,-0.012892
279,51.51,-0.16094,40.789,-1.2527,0.0019837,-0.0075389
279.5,51.51,-0.16094,40.782,-1.2621,0.0052608,0.002065
280,51.51,-0.16094,40.759,-1.2658,0.0026966,0.010772
280.5,51.51,-0.16094,40.753,-1.2596,0.0032948,0.0048072
281,51.51,-0.16094,40.754,-1.2504,0.0076499,-0.0027891
281.5,51.51,-0.16094,40.729,-1.2454,0.011093,0.013608
282,51.51,-0.16094,40.696,-1.2398,0.00078878,0.019674
282.5,51.509,-0.16094,40.644,-1.2422,0.0044936,0.035858
283,51.509,-0.16094,40.618,-1.2449,-0.0018571,0.030606
283.5,51.509,-0.16094,40.605,-1.2458,0.0010339,0.020927
284,51.509,-0.16094,40.593,-1.2493,0.0058799,0.016774
284.5,51.509,-0.16094,40.585,-1.2469,0.014237,0.011905
285,51.509,-0.16094,40.581,-1.2418,0.031381,0.0037282
285.5,51.509,-0.16093,40.571,-1.2393,0.04405,0.0030062
286,51.509,-0.16093,40.56,-1.2391,0.054385,0.0029891
286.5,51.509,-0.16093,40.558,-1.2396,0.043606,-0.0029919
287,51.509,-0.16093,40.52,-1.2518,0.049778,0.011608
287.5,51.509,-0.16093,40.483,-1.2543,0.043218,0.015979
288,51.509,-0.16093,40.461,-1.2667,0.042478,0.0097588
288.5,51.509,-0.16093,40.446,-1.2643,0.030409,0.0055814
289,51.509,-0.16093,40.433,-1.2556,0.03428,0.010942
289.5,51.509,-0.16093,40.432,-1.2585,0.026169,0.0052126
290,51.509,-0.16093,40.434,-1.265,0.0092638,-0.0060127
290.5,51.509,-0.16093,40.44,-1.267,0.0075878,-0.012225
291,51.509,-0.16093,40.437,-1.2736,0.0095037,-0.011635
291.5,51.509,-0.16093,40.42,-1.2639,0.0077195,-0.0045378
292,51.509,-0.16093,40.416,-1.2689,-0.0025359,-0.0025974
292.5,51.509,-0.16093,40.415,-1.273,-0.0067533,-0.011328
293,51.509,-0.16093,40.397,-1.2654,-0.0051011,-0.0043375
293.5,51.509,-0.16093,40.376,-1.2583,-0.014254,-0.0034264
294,51.509,-0.16093,40.38,-1.2472,-0.025725,-0.0090852
294.5,51.509,-0.16093,40.413,-1.2489,-0.025859,-0.03032
295,51.509,-0.16093,40.418,-1.248,-0.030508,-0.035546
295.5,51.509,-0.16093,40.431,-1.2411,-0.036429,-0.037272
296,51.509,-0.16093,40.434,-1.2453,-0.040416,-0.045373
296.5,51.509,-0.16093,40.439,-1.2318,-0.024476,-0.042563
297,51.509,-0.16093,40.45,-1.2386,0.0020999,-0.035605
297.5,51.509,-0.16093,40.46,-1.2289,-0.0030662,-0.040897
298,51.509,-0.16093,40.454,-1.2475,-0.009255,-0.034398
298.5,51.509,-0.16093,40.435,-1.2571,-0.01609,-0.017868
299,51.509,-0.16093,40.407,-1.2452,-0.01317,-0.0040505
299.5,51.509,-0.16093,40.375,-1.2438,-0.029894,0.011882
300,51.509,-0.16093,40.381,-1.2424,-0.041149,0.00018794
300.5,51.509,-0.16093,40.36,-1.2556,-0.026802,0.004506
301,51.509,-0.16093,40.348,-1.2537,-0.015613,0.005753
301.5,51.509,-0.16093,40.358,-1.2435,-0.022273,-0.011714
302,51.509,-0.16093,40.35,-1.2411,-0.019596,-0.0090294
302.5,51.509,-0.16093,40.358,-1.2366,-0.0084041,-0.014222
303,51.509,-0.16093,40.365,-1.2307,0.00052754,-0.018799
303.5,51.509,-0.16093,40.349,-1.2409,-0.0073345,-0.0092179
304,51.509,-0.16093,40.332,-1.2307,-0.0068335,-0.0031339
304.5,51.509,-0.16094,40.27,-1.2512,-0.0036001,0.014992
305,51.509,-0.16094,40.27,-1.2511,0.0053496,0.010053
305.5,51.509,-0.16094,40.246,-1.1094,0.022756,0.021788
306,51.509,-0.16094,40.232,-0.93295,0.042759,0.017901
306.5,51.509,-0.16094,40.226,-0.72372,0.034079,0.01599
307,51.509,-0.16094,40.229,-0.486,0.042372,0.015692
307.5,51.509,-0.16093,40.225,-0.36831,0.068559,0.0082853
308,51.509,-0.16093,40.21,-0.2863,0.098123,0.0087054
308.5,51.509,-0.16093,40.218,-0.21909,0.14192,0.00047692
309,51.509,-0.16093,40.227,-0.16437,0.18676,-0.0070176
309.5,51.509,-0.16093,40.242,-0.11683,0.21807,-0.0098
310,51.509,-0.16093,40.227,-0.056271,0.2268,0.00018381
310.5,51.509,-0.16093,40.2,0.011924,0.24352,0.0085099
311,51.509,-0.16092,40.194,0.059778,0.24841,0.0098219
311.5,51.509,-0.16092,40.169,0.10366,0.22475,0.0098151
312,51.509,-0.16092,40.187,0.1594,0.18878,-0.003187
312.5,51.509,-0.16092,40.172,0.18205,0.14978,0.00026105
313,51.509,-0.16092,40.164,0.19536,0.092816,-0.0066267
313.5,51.509,-0.16092,40.172,0.33513,0.069284,-0.0098353
314,51.509,-0.16092,40.176,0.53844,0.070376,-0.0099293
314.5,51.509,-0.16092,40.151,0.75204,0.067918,-0.0019593
315,51.509,-0.16092,40.141,0.991,0.068147,0.0036579
315.5,51.509,-0.16092,40.126,1.1088,0.05256,0.0011087
316,51.509,-0.16092,40.119,1.1723,0.052186,-0.0033553
316.5,51.509,-0.16092,40.132,1.2075,0.03027,-0.0090224
317,51.509,-0.16092,40.115,1.2375,0.025317,-0.0040126
317.5,51.509,-0.16092,40.099,1.2495,0.029492,0.0013035
318,51.509,-0.16092,40.093,1.2504,0.023236,-0.0075858
318.5,51.509,-0.16092,40.071,1.2509,0.015088,-0.010131
319,51.509,-0.16092,40.066,1.2498,0.0067062,-0.0093411
319.5,51.509,-0.16092,40.076,1.2479,0.0015179,-0.012586
320,51.509,-0.16092,40.108,1.2518,0.00061942,-0.033804
320.5,51.509,-0.16092,40.107,1.2553,0.00066217,-0.030906
321,51.509,-0.16092,40.095,1.2557,-0.006685,-0.028157
321.5,51.509,-0.16092,40.083,1.2432,-0.0064653,-0.022554
322,51.509,-0.16092,40.064,1.2362,-0.0010019,0.00021129
322.5,51.509,-0.16092,40.043,1.238,-0.009031,0.0076525
323,51.509,-0.16092,39.995,1.2456,-0.015283,0.035036
323.5,51.509,-0.16092,39.969,1.2485,-0.01787,0.035547
324,51.509,-0.16092,39.944,1.2415,-0.010238,0.032516
324.5,51.509,-0.16092,39.918,1.2451,-0.015604,0.026969
325,51.509,-0.16092,39.888,1.261,-0.028366,0.025031
325.5,51.509,-0.16092,39.869,1.2583,-0.029329,0.021215
326,51.509,-0.16092,39.843,1.2589,-0.002854,0.027351
326.5,51.509,-0.16092,39.815,1.2593,-0.010242,0.030864
327,51.509,-0.16092,39.782,1.2669,-0.01049,0.033984
327.5,51.509,-0.16092,39.739,1.2647,-0.011377,0.040586
328,51.509,-0.16092,39.7,1.2475,-0.012358,0.039598
328.5,51.509,-0.16092,39.706,1.2426,-0.01324,0.019617
329,51.509,-0.16092,39.692,1.2346,-0.017266,0.014813
329.5,51.509,-0.16092,39.677,1.243,-0.018719,0.0070839
330,51.509,-0.16092,39.695,1.254,-0.0043602,-0.0052643
330.5,51.509,-0.16092,39.723,1.2493,0.0066416,-0.014615
331,51.509,-0.16092,39.721,1.2426,0.015023,-0.013979
331.5,51.509,-0.16092,39.737,1.2561,0.023106,-0.021984
332,51.509,-0.16092,39.729,1.2439,0.011607,-0.020609
332.5,51.509,-0.16092,39.727,1.2434,0.012354,-0.020803
333,51.509,-0.16092,39.692,1.2574,-0.0017691,-0.0034185
333.5,51.509,-0.16092,39.706,1.2478,0.00016419,-0.015211
334,51.509,-0.16092,39.691,1.2444,0.0012764,-0.0043599
334.5,51.509,-0.16092,39.679,1.2494,-0.0066645,-0.00082793
335,51.509,-0.16092,39.654,1.2446,-0.0018904,0.0065817
335.5,51.509,-0.16092,39.624,1.2477,0.0051292,0.017833
336,51.509,-0.16092,39.624,1.2424,0.0025843,0.01238
336.5,51.509,-0.16092,39.612,1.2434,0.013416,0.012707
337,51.509,-0.16092,39.617,1.2526,0.0061271,-0.000626
337.5,51.51,-0.16092,39.605,1.2523,-0.0051825,0.00062247
338,51.51,-0.16092,39.604,1.2486,0.004345,-0.0028603
338.5,51.51,-0.16092,39.582,1.2505,-0.0030119,0.0030668
339,51.51,-0.16092,39.576,1.2377,0.0032277,-0.0030033
339.5,51.51,-0.16092,39.582,1.2425,-0.0019808,-0.0058957
340,51.51,-0.16092,39.572,1.2414,-0.0087922,-0.0079314
340.5,51.51,-0.16092,39.57,1.2485,-0.0019017,-0.0089713
341,51.51,-0.16092,39.558,1.2482,0.011658,0.0033421
341.5,51.51,-0.16092,39.569,1.2578,0.0074296,-0.0070702
342,51.51,-0.16092,39.542,1.2659,0.00085738,0.011703
342.5,51.51,-0.16092,39.519,1.2559,-0.0039453,0.013794
343,51.51,-0.16092,39.479,1.2514,-0.0016191,0.02942
343.5,51.51,-0.16092,39.468,1.2411,0.0028986,0.024092
344,51.51,-0.16092,39.624,1.2397,-0.021225,0.017157
344.5,51.51,-0.16092,39.768,1.1143,-0.032175,0.011002
345,51.51,-0.16092,39.939,0.92932,-0.034155,-0.0010377
345.5,51.51,-0.16092,40.097,0.72056,-0.038677,-0.0036955
346,51.51,-0.16092,40.267,0.48046,-0.047871,-0.018796
346.5,51.51,-0.16092,40.411,0.35135,-0.010139,-0.014177
347,51.51,-0.16092,40.559,0.27485,0.042674,-0.012393
347.5,51.51,-0.16092,40.696,0.22393,0.081354,0.0043561
348,51.51,-0.16092,40.858,0.18186,0.13533,-0.001326
348.5,51.51,-0.16092,40.992,0.12766,0.15516,0.0078103
349,51.51,-0.16092,41.164,0.060245,0.19096,-0.00087909
349.5,51.51,-0.16091,41.314,0.004737,0.19953,0.004114
350,51.51,-0.16091,41.448,-0.051512,0.19018,0.0063177
350.5,51.51,-0.16091,41.637,-0.10591,0.17029,-0.014773
351,51.51,-0.16091,41.784,-0.15919,0.14088,-0.008492
351.5,51.51,-0.16091,41.928,-0.20781,0.095447,-0.015234
352,51.51,-0.16091,42.075,-0.23481,0.045294,-0.023035
352.5,51.51,-0.16091,42.228,-0.37295,0.0043018,-0.025466
353,51.51,-0.16091,42.344,-0.56754,-0.03224,-0.0087919
353.5,51.51,-0.16091,42.475,-0.79612,-0.052381,-0.0021414
354,51.51,-0.16091,42.638,-1.0179,-0.075607,-0.017321
354.5,51.51,-0.16091,42.648,-1.1284,-0.048076,-0.019905
355,51.51,-0.16091,42.64,-1.1825,-0.038298,-0.02088
355.5,51.51,-0.16091,42.631,-1.2185,-0.024599,-0.020294
356,51.51,-0.16091,42.624,-1.2299,-0.016605,-0.016579
356.5,51.51,-0.16091,42.625,-1.2299,-0.016812,-0.018624
357,51.51,-0.16091,42.635,-1.256,-0.014765,-0.025197
357.5,51.51,-0.16091,42.645,-1.258,0.00085787,-0.039244
358,51.51,-0.16091,42.65,-1.263,0.016267,-0.037964
358.5,51.51,-0.16091,42.664,-1.2614,0.026382,-0.037489
359,51.51,-0.16091,42.674,-1.2668,0.020704,-0.037942
359.5,51.509,-0.16091,42.679,-1.2668,0.020958,-0.033301
360,51.509,-0.16091,42.672,-1.2679,0.011245,-0.030027
360.5,51.509,-0.16091,42.675,-1.2655,0.0061114,-0.031408
361,51.509,-0.16091,42.67,-1.2621,-0.0031133,-0.028703
361.5,51.509,-0.16091,42.677,-1.2572,-0.0061045,-0.034642
362,51.509,-0.16091,42.659,-1.2608,-0.0024044,-0.02045
362.5,51.509,-0.16091,42.652,-1.2511,-0.00087383,-0.023164
363,51.509,-0.16091,42.679,-1.2606,0.0028322,-0.034704
363.5,51.509,-0.16091,42.659,-1.2465,0.0059396,-0.023679
364,51.509,-0.16091,42.643,-1.2424,0.0029491,-0.014328
364.5,51.509,-0.16091,42.627,-1.2463,0.0061162,-0.0091275
365,51.509,-0.16091,42.609,-1.2544,0.01091,-0.0075415
365.5,51.509,-0.16091,42.606,-1.255,0.0062573,-0.014366
366,51.509,-0.16091,42.605,-1.2753,0.0022156,-0.011843
366.5,51.509,-0.16091,42.576,-1.2614,0.011135,-0.0025127
367,51.509,-0.16091,42.562,-1.2502,0.011417,-0.00084307
367.5,51.509,-0.16091,42.549,-1.2514,0.028303,0.0042304
368,51.509,-0.16091,42.518,-1.2526,0.020749,0.0073617
368.5,51.509,-0.16091,42.519,-1.25,0.013471,0.0023862
369,51.509,-0.16091,42.493,-1.251,-0.0042144,0.0029037
369.5,51.509,-0.16091,42.499,-1.2542,0.008049,-0.0088803
370,51.509,-0.16091,42.482,-1.2444,0.0097637,-0.0012971
370.5,51.509,-0.16091,42.459,-1.2336,0.0089031,-0.0036039
371,51.509,-0.16091,42.443,-1.2371,0.0060791,-0.0030073
371.5,51.509,-0.16091,42.443,-1.236,-0.0064307,-0.013063
372,51.509,-0.16091,42.41,-1.2417,-0.0007834,-0.004525
372.5,51.509,-0.16091,42.376,-1.2328,-0.0057906,0.004849
373,51.509,-0.16091,42.361,-1.2397,0.0032147,0.0070268
373.5,51.509,-0.16091,42.337,-1.2392,0.017644,0.0085671
374,51.509,-0.16091,42.343,-1.2408,0.020749,0.00293
374.5,51.509,-0.16091,42.331,-1.2462,0.02346,-0.0009373
375,51.509,-0.16091,42.354,-1.2548,0.022864,-0.023121
375.5,51.509,-0.16091,42.362,-1.2497,0.018402,-0.036404
376,51.509,-0.16091,42.354,-1.2623,0.021108,-0.035556
376.5,51.509,-0.16091,42.361,-1.2661,0.025222,-0.034613
377,51.509,-0.16091,42.355,-1.2508,0.011132,-0.029958
377.5,51.509,-0.16091,42.326,-1.2493,0.013589,-0.014827
378,51.509,-0.16091,42.325,-1.2422,0.012881,-0.016031
378.5,51.509,-0.16091,42.314,-1.258,0.016421,-0.017155
379,51.509,-0.16091,42.294,-1.2509,0.015942,-0.0081507
379.5,51.509,-0.16091,42.265,-1.2593,-0.007309,0.0035594
380,51.509,-0.16091,42.222,-1.2551,-0.013838,0.017937
380.5,51.509,-0.16091,42.169,-1.264,-0.02061,0.030469
381,51.509,-0.16091,42.121,-1.2547,-0.025782,0.041311
381.5,51.509,-0.16091,42.111,-1.2457,-0.015085,0.025878
382,51.509,-0.16091,42.106,-1.251,-0.025781,0.020635
382.5,51.509,-0.16091,42.106,-1.2538,-0.017201,0.0052046
383,51.509,-0.16091,42.106,-1.2536,-0.029434,-0.0058836
383.5,51.509,-0.16091,42.101,-1.1241,0.0036824,-0.0013614
384,51.509,-0.16091,42.089,-0.93786,0.028873,-0.0012202
384.5,51.509,-0.16091,42.087,-0.7268,0.03918,-0.0029562
385,51.509,-0.16091,42.074,-0.49383,0.043597,-0.0021469
385.5,51.509,-0.16091,42.079,-0.37738,0.064906,-0.0063334
386,51.509,-0.16091,42.074,-0.2942,0.10798,0.0061008
386.5,51.509,-0.16091,42.046,-0.2337,0.13695,0.020935
387,51.509,-0.16091,42.018,-0.16503,0.18413,0.027636
387.5,51.509,-0.1609,41.996,-0.1091,0.22087,0.028572
388,51.509,-0.1609,41.986,-0.054542,0.25309,0.016664
388.5,51.509,-0.1609,41.968,0.00084337,0.2554,0.013578
389,51.509,-0.1609,41.953,0.05148,0.2513,0.0093114
389.5,51.509,-0.1609,41.94,0.1115,0.21355,0.0074142
390,51.509,-0.1609,41.915,0.14806,0.18301,0.0021203
390.5,51.509,-0.1609,41.901,0.19138,0.14089,-0.0013777
391,51.509,-0.1609,41.901,0.21831,0.072737,-0.0077231
391.5,51.509,-0.1609,41.918,0.34867,0.059936,-0.022576
392,51.509,-0.1609,41.918,0.55195,0.068938,-0.01737
392.5,51.509,-0.1609,41.916,0.77438,0.06561,-0.0089747
393,51.509,-0.1609,41.89,1.0079,0.055663,-0.0011264
393.5,51.509,-0.1609,41.842,1.1266,0.045611,0.018397
394,51.509,-0.1609,41.832,1.1902,0.017435,0.0095473
394.5,51.509,-0.1609,41.799,1.2162,-0.012549,0.022267
395,51.509,-0.1609,41.749,1.2212,-0.0085947,0.033443
395.5,51.509,-0.1609,41.745,1.2342,0.0010477,0.014115
396,51.509,-0.1609,41.726,1.2379,-0.013131,0.0045996
396.5,51.509,-0.1609,41.725,1.2348,-0.012567,0.00028818
397,51.509,-0.1609,41.721,1.2405,-0.023408,-0.0018332
397.5,51.509,-0.1609,41.696,1.2351,-0.024616,0.0080576
398,51.509,-0.1609,41.711,1.2434,-0.022438,-0.010246
398.5,51.509,-0.1609,41.703,1.2516,-0.015708,-0.0050878
399,51.509,-0.1609,41.703,1.2643,-0.023588,-0.0057977
399.5,51.509,-0.1609,41.693,1.2546,-0.014965,-0.010473
400,51.509,-0.1609,41.698,1.2473,0.0046771,-0.014662
400.5,51.509,-0.1609,41.702,1.2541,-0.0020002,-0.018771
401,51.509,-0.1609,41.713,1.2381,0.0071089,-0.026184
401.5,51.509,-0.1609,41.721,1.2492,0.0040746,-0.03333
402,51.509,-0.1609,41.722,1.2482,-0.0084038,-0.036296
402.5,51.509,-0.1609,41.687,1.2435,-0.021238,-0.023657
403,51.509,-0.1609,41.665,1.2491,-0.030975,-0.0095828
403.5,51.509,-0.1609,41.652,1.2502,-0.041882,-0.013423
404,51.509,-0.1609,41.665,1.2475,-0.046943,-0.024559
404.5,51.509,-0.1609,41.659,1.2509,-0.040478,-0.028947
405,51.509,-0.1609,41.663,1.2317,-0.022841,-0.024703
405.5,51.509,-0.1609,41.656,1.2373,-0.021103,-0.019999
406,51.509,-0.1609,41.65,1.2405,-0.0050865,-0.0099362
406.5,51.509,-0.1609,41.639,1.2405,-0.0023142,-0.010789
407,51.509,-0.1609,41.601,1.2381,-0.0013719,0.007681
407.5,51.509,-0.1609,41.589,1.2433,-0.0033522,0.0036561
408,51.509,-0.1609,41.575,1.2579,0.001275,0.0030091
408.5,51.509,-0.1609,41.588,1.2499,0.0090398,-0.012269
409,51.509,-0.1609,41.563,1.2371,0.0096774,0.01087
409.5,51.509,-0.1609,41.54,1.2519,0.017872,0.0089684
410,51.509,-0.1609,41.504,1.2535,0.01329,0.018274
410.5,51.509,-0.1609,41.486,1.2445,0.01833,0.019534
411,51.509,-0.1609,41.444,1.2478,0.022217,0.035928
411.5,51.509,-0.1609,41.416,1.239,0.023846,0.030516
412,51.509,-0.1609,41.401,1.237,0.015737,0.017844
412.5,51.509,-0.1609,41.392,1.242,0.020443,0.0085627
413,51.509,-0.1609,41.393,1.2344,0.024835,0.0064841
413.5,51.509,-0.1609,41.382,1.2441,0.015925,0.0086294
414,51.509,-0.1609,41.357,1.2371,0.012232,0.0071076
414.5,51.509,-0.1609,41.355,1.2368,-0.00088793,-0.0015947
415,51.509,-0.1609,41.367,1.2319,-0.009026,-0.016438
415.5,51.509,-0.1609,41.319,1.2349,-0.008424,0.0065561
416,51.509,-0.1609,41.307,1.2509,-0.016706,0.009988
416.5,51.51,-0.1609,41.308,1.2333,-0.0021952,0.0050566
417,51.51,-0.1609,41.335,1.2338,-0.016195,-0.019655
417.5,51.51,-0.1609,41.327,1.2319,-0.030585,-0.013155
418,51.51,-0.1609,41.334,1.2415,-0.025507,-0.028192
418.5,51.51,-0.1609,41.331,1.2418,-0.022074,-0.024897
419,51.51,-0.1609,41.336,1.2418,-0.010333,-0.02818
419.5,51.51,-0.1609,41.328,1.2397,-0.0017889,-0.023613
420,51.51,-0.1609,41.333,1.2389,-0.0086579,-0.021483
420.5,51.51,-0.1609,41.318,1.2346,0.0025025,-0.012908
421,51.51,-0.1609,41.334,1.2474,0.011849,-0.016633
421.5,51.51,-0.1609,41.314,1.2411,0.016499,-0.0090246
422,51.51,-0.1609,41.444,1.244,0.0081833,0.0076158
422.5,51.51,-0.1609,41.594,1.11,-0.0069971,0.00079985
423,51.51,-0.1609,41.729,0.92931,-0.029613,-0.0034019
423.5,51.51,-0.1609,41.851,0.71561,-0.042576,0.010685
424,51.51,-0.1609,42,0.50219,-0.045787,-0.0039724
424.5,51.51,-0.1609,42.166,0.31494,-0.050718,-0.015142
425,51.51,-0.1609,42.322,0.158,-0.050813,-0.014736
