0,51.5092542642049,-0.161044683143343,39.0801932055037,-0.0159208954342258,0.0466744615317909,0.0122127430786707
0.5,51.5092543440972,-0.161044805042917,39.100123582175,0.0800893444697214,0.0127397809718692,-0.00701396196476755
1,51.5092551169913,-0.161044961037014,39.074154419126,0.161477595099333,0.0199935260174597,0.0032849866983222
1.5,51.5092573202412,-0.161044789445504,39.0457965694368,0.333569759977667,0.0220482716055086,0.0160063801151114
2,51.5092601249051,-0.161044785574325,39.0058387487661,0.546223734903768,0.0404694753598942,0.0280045274354673
2.5,51.5092639331733,-0.161044999640194,39.0091598723084,0.761415799409391,0.0513558859422102,0.0147402592466051
3,51.5092686677626,-0.161044485643868,39.0149333626032,0.996978600180976,0.0611725125789673,0.00415234294653954
3.5,51.5092738105287,-0.161044177346617,39.0063905445859,1.11092573272219,0.0379645283925941,-0.000513887832906623
4,51.5092796646377,-0.161043718362469,38.9980966257863,1.1732228265694,0.0233915250913084,-0.0178074580280529
4.5,51.509284841023,-0.161043148660402,38.9519743281417,1.21050195082219,0.0159737368387348,-0.0203689274053361
5,51.509290331652,-0.161043325244336,38.9808300228324,1.22256384698579,0.0102382460213611,-0.0408303540330656
5.5,51.5092962601511,-0.161043113079447,38.9693398140371,1.24096474327611,-0.00452110635069593,-0.0461836124050583
6,51.5093012165561,-0.161042821266475,38.9609210307244,1.23742685504743,0.0131493808114518,-0.0496766402704468
6.5,51.5093067888373,-0.161042153488945,38.9580284371041,1.23788158720894,0.0180932686926435,-0.0443447948661198
7,51.5093127449802,-0.161041910601102,38.9619127418846,1.25261258263642,0.00709216806566589,-0.036136616309288
7.5,51.5093182931493,-0.161041416974662,38.9911625522655,1.25243967965097,0.0103333514605625,-0.0382739839099603
8,51.5093238709743,-0.161040859285391,38.9720995321404,1.24393772615205,0.00685249721047794,-0.0318009962663779
8.5,51.5093296215941,-0.161040577114146,38.9871837480459,1.24952080966265,0.00297765406674141,-0.0370014270064581
9,51.5093350764314,-0.161040463077629,38.9810955484863,1.25659851163053,0.0102303073487324,-0.0379793230450297
9.5,51.5093405861847,-0.161040151613226,38.9535169007722,1.26327618663847,0.0227538106369204,-0.0302139852075857
10,51.5093461814695,-0.161040160166813,38.9195982450619,1.24969087442125,0.0287109627786196,-0.021352352396357
10.5,51.5093518017342,-0.161040172807376,38.91000675736,1.24769625743733,0.0238488925662485,-0.0120664277398188
11,51.5093573128592,-0.161040130519779,38.8713446652982,1.25903983456678,0.0148003552077279,-0.0131579241406474
11.5,51.5093628591626,-0.16103980378568,38.851176164113,1.2571083666775,0.0240934592968459,-0.00500015376710605
12,51.5093684046149,-0.161039765495528,38.8358201961964,1.2569036920184,0.00956144527969475,-0.00453602661693209
12.5,51.5093741335193,-0.161039591541278,38.8246788319666,1.24632768713752,-0.00372202396853122,-0.00613155800970477
13,51.5093796197674,-0.161039790252037,38.8356732837856,1.24305637983459,-0.00190699591366253,-0.0125670222946027
13.5,51.5093851589472,-0.161040167871295,38.8629677512217,1.24364167730675,0.0038394455228284,-0.0143605183127431
14,51.5093907393154,-0.16104002416703,38.8411256491672,1.25687971979513,0.00974912152398913,-0.0125880616530309
14.5,51.5093961784141,-0.161040028444421,38.8578228666447,1.24697434704848,-0.0150277193491798,-0.00916965262602354
15,51.5094017066326,-0.161040145821885,38.8305700761266,1.24967934748876,-0.0209323667572295,0.00679535774507867
15.5,51.5094071276153,-0.161039905561009,38.8106205360964,1.23733809011332,-0.0180552715301529,0.00168508333695305
16,51.5094125843601,-0.1610401935632,38.7857320655603,1.22781072972417,-0.0127753235886078,0.00465307493507694
16.5,51.5094181400945,-0.161039802417109,38.7609295598231,1.23370575122631,-0.0108460174890449,0.0094743144740691
17,51.5094233311796,-0.161039892854435,38.767306663096,1.22235374959463,-0.00700109843440027,0.0133079097203272
17.5,51.509428924096,-0.161039709320157,38.7735892341007,1.22850264049939,-0.00618457553797525,-0.00696798672847831
18,51.5094345915485,-0.16103915772002,38.7905587418936,1.23912294242002,-0.00161029187710014,-0.0264201081574831
18.5,51.5094401526077,-0.161038911218929,38.7757084621117,1.23416392925361,-0.00584142715134284,-0.0175200836310233
19,51.50944563092,-0.161038453245759,38.7580893598497,1.23940455548944,-0.000959041214785421,-0.015822807788504
19.5,51.5094511738857,-0.161038341349537,38.768151860917,1.2457968204728,0.00590929205679546,-0.0257235684152571
20,51.5094567442339,-0.161038518330149,38.7899338281713,1.25184895175131,0.00837311247165339,-0.0354844915327576
20.5,51.509462056538,-0.161038115774907,38.7868780125864,1.24685214234697,0.00805055652528611,-0.033361353918434
21,51.5094674033632,-0.161037786015585,38.7931427620351,1.23732140646773,0.0114587569134332,-0.0381768018000639
21.5,51.5094729074732,-0.161037244848692,38.8203959178645,1.23605207412033,0.00945709072352366,-0.042594594799833
22,51.5094786069486,-0.161037827328555,38.7936441509519,1.24586157803829,-0.0041212556685484,-0.0257710637098876
22.5,51.5094842543013,-0.161038197926649,38.7510285940953,1.24254488932308,-0.00872001085946648,-0.0138030452326761
23,51.5094900766655,-0.161038632377848,38.7408013287932,1.24849761821467,-0.0140060451613398,-0.0174520925451264
23.5,51.5094954881313,-0.161038466664096,38.7540292241611,1.22924390424235,0.000828793839958674,-0.0275905241544192
24,51.5095008819279,-0.161038198373849,38.7590391894337,1.23406191473025,0.0050673905553629,-0.0239115370350937
24.5,51.5095063318833,-0.161038170277337,38.7873953613453,1.23218119206515,-0.00173701870289698,-0.0309235980151076
25,51.5095118252475,-0.161038365898061,38.8002970763482,1.24092424495894,-0.00399955025835558,-0.0366812854081184
25.5,51.5095175774663,-0.161038392642475,38.8220151735004,1.24540088861821,-0.0206315663116468,-0.0377372076445496
26,51.5095230914844,-0.161038469050328,38.8155101602897,1.26014523751658,-0.00708842805554531,-0.0360574120250817
26.5,51.5095284797516,-0.161038544311905,38.7966959334444,1.2548152052541,-0.0142911684553719,-0.0254168956610344
27,51.5095338607995,-0.161038656102123,38.7760924815666,1.23268846535893,-0.0132176100667747,-0.0163910538513579
27.5,51.5095395781346,-0.16103871379299,38.7551158110145,1.23366480757879,-0.031689912905742,-0.00941263250369984
28,51.5095452045251,-0.161039010454967,38.7348743828479,1.24280527411716,-0.0304634761712152,-0.0146425865548504
28.5,51.5095508154691,-0.161039467205543,38.7406320252921,1.24126087797455,-0.0332547824092639,-0.0152048494956748
29,51.5095562896887,-0.161039655054047,38.740515362937,1.24325686236117,-0.0389545530213072,-0.019910521883459
29.5,51.5095618410045,-0.161039901908128,38.7412578123622,1.24284002374623,-0.0341780084018655,-0.0245120754744478
30,51.5095676022502,-0.16103989523896,38.7564188316464,1.24838035706818,-0.0217483957599078,-0.0351809520743667
30.5,51.5095732075701,-0.161039847762682,38.7824097189587,1.25011187370824,-0.0194264276790296,-0.0410691853056787
31,51.5095786178816,-0.161039688986752,38.7934159922879,1.25362902829304,-0.0162924781448479,-0.0402951925793738
31.5,51.5095840162053,-0.161039694166021,38.7863236418925,1.24406192510492,-0.00959540474649146,-0.0309223050989069
32,51.5095895161161,-0.161039607632375,38.7899972444866,1.23887571944933,-0.01439718469416,-0.0289305636599083
32.5,51.5095940910736,-0.161039187305374,38.7826482977252,1.11662521493052,-0.0296945990632888,-0.0163301607727603
33,51.5095978171479,-0.161039672975319,38.7574638684746,0.935616334329074,-0.0410694316828975,-0.00233980900335939
33.5,51.5096005269982,-0.161039710669005,38.7679514812771,0.724414924743674,-0.0588843291546265,-0.0101394573512307
34,51.509602240029,-0.161039764006295,38.7659830257762,0.484455605071781,-0.0604845332557592,-0.0156432414982446
34.5,51.5096035338794,-0.161039304186288,38.7633598281536,0.364335360126028,-0.0170187531117723,-0.0110111457027882
35,51.5096047015593,-0.161038423863619,38.7819027765654,0.317441470482879,0.0427201139206439,-0.0219550219216584
35.5,51.5096056223842,-0.16103741798303,38.7809097948484,0.253755792287046,0.0953382975858994,-0.0140742271060486
36,51.5096061471085,-0.161035968317718,38.7872520007659,0.186737478183649,0.140463077355891,-0.0148155589390177
36.5,51.5096064480661,-0.161034215147042,38.7947341736872,0.129079105782744,0.172263836094601,-0.013008750839752
37,51.5096065862328,-0.161032486037638,38.7975071086548,0.074157255223954,0.189108021532182,-0.0180381622989254
37.5,51.5096064210797,-0.161030884464327,38.794653463643,0.0131647983088439,0.206477773160685,-0.00947969332164503
38,51.5096061666552,-0.161029302790219,38.7929385630414,-0.0574677989285472,0.210547918857207,-0.00143018597263308
38.5,51.5096056196803,-0.161028100908056,38.7668600499164,-0.108665010071526,0.186080995373585,0.00995726008050789
39,51.5096045772214,-0.16102704660697,38.7388079890516,-0.173045716332532,0.154445509547465,0.0163200912850022
39.5,51.509603630359,-0.161026199158807,38.745080193039,-0.200438795627207,0.114780077987388,0.0157144698219548
40,51.5096023215014,-0.161025997139482,38.7392970477231,-0.23529261999393,0.061189526106419,0.0106037873577464
40.5,51.5096002538513,-0.161025673697732,38.720048252726,-0.379814097219633,0.0335994769235017,0.0127948080781199
41,51.5095973079618,-0.161025412371166,38.6983082001098,-0.572549096162371,-0.0153697542395946,-0.00304499554978077
41.5,51.5095931968821,-0.161025118468894,38.6821445922833,-0.794833998769421,-0.026271173095653,-0.00792232652603425
42,51.5095880032265,-0.161024971312761,38.6795559711754,-1.02124245481361,-0.0428165270689086,-0.0135515418202274
42.5,51.5095826187525,-0.161024816204955,38.6739312256686,-1.13067871974463,-0.0289333508119961,-0.00656072123257612
43,51.5095770603116,-0.161024815869385,38.6974035322201,-1.19330072512012,-0.0159373029149949,-0.0265345898840876
43.5,51.5095716503187,-0.161024775087519,38.6839952964801,-1.20608819236804,-0.0119587626631066,-0.0228537284330431
44,51.5095659469687,-0.161024750460348,38.6895304038189,-1.22367716220149,-0.0193731970556722,-0.0193213729118517
44.5,51.5095605323926,-0.161024576042046,38.6957310051657,-1.22814590397759,-0.00981264296407861,-0.0211157976423035
45,51.5095547714653,-0.161024110699559,38.6693036397919,-1.24176457596219,0.00599755457228222,-0.00703285463684289
45.5,51.509549151709,-0.16102396408874,38.6427146943752,-1.25046183941437,-0.00677565253528256,0.000369420917795016
46,51.5095435015219,-0.161024083795043,38.6015551260207,-1.25533806809761,0.000184328191518942,0.00726968249362703
46.5,51.5095380224802,-0.16102437993897,38.5856611391064,-1.2347948260175,-0.0161602010189629,0.0121325211122599
47,51.5095323480428,-0.161024602351104,38.5709567680024,-1.25232456990037,-0.02330449260461,0.0166555857979468
47.5,51.5095267461996,-0.161024772588413,38.5938121839426,-1.24610342309731,-0.0279661531025175,-0.00748781411884691
48,51.509521087276,-0.161025078411164,38.5765088838525,-1.24924588897395,-0.0293851190976355,-0.00969998748657919
48.5,51.5095152647152,-0.1610248348172,38.5718253436498,-1.2592179639789,-0.0155806193961317,-0.0119626338203291
49,51.5095097351313,-0.161025143003202,38.5598705704324,-1.24880153533994,-0.0215386759759803,-0.0151777174801351
49.5,51.5095041844716,-0.161025016185135,38.5795160816051,-1.25327586575292,0.00415943737590678,-0.0310058909501626
50,51.5094985676027,-0.16102507707784,38.5803749843035,-1.26472602160995,-8.94376153120365e-05,-0.0277590680747462
50.5,51.509492997534,-0.161025128828388,38.6036846206989,-1.25417444448354,0.00819824328612097,-0.0303812365406539
51,51.5094872006835,-0.161025269234017,38.6160803772509,-1.26998331354969,0.00355596238038672,-0.0372660854343615
51.5,51.5094815360532,-0.16102494406757,38.6212655706331,-1.25954080837099,0.00780676841405136,-0.0300823759847756
52,51.5094760301785,-0.161024766171001,38.619286037283,-1.24845098866127,0.014438047613019,-0.0304193321318762
52.5,51.509470442799,-0.161024501712307,38.6053513425868,-1.24504494645189,0.011331521392269,-0.0301428116713069
53,51.5094648658911,-0.161024462527085,38.623695948394,-1.24276255335601,0.000940580414777953,-0.0382763141269764
53.5,51.5094590264393,-0.161024526864869,38.5734183436725,-1.25591558521475,0.00481786245833205,-0.0146149898277973
54,51.5094534486359,-0.161024601424987,38.5441540481988,-1.25862708707411,-0.000327520689382165,-0.00166178482681101
54.5,51.5094476642968,-0.161024337272108,38.523916449165,-1.26056529700372,-0.0024486991157047,0.012432649168782
55,51.5094419036059,-0.161024277750052,38.5192611238454,-1.26696306209887,-0.000823239841906586,0.0148552302746862
55.5,51.5094363344536,-0.161024041854878,38.5132923286874,-1.25177582884731,0.014032546990245,0.0183664962255818
56,51.5094305992099,-0.161024122075343,38.4990083056036,-1.26062930091087,0.00247399679232185,0.0221497164244855
56.5,51.5094250660867,-0.161023950293818,38.4750252948143,-1.24964361532889,0.0113683508861309,0.0301724595202485
57,51.5094195235176,-0.161023897620573,38.4416691223159,-1.24688092824868,0.00895271671787098,0.028633634749669
57.5,51.5094138175466,-0.161023795940333,38.4122881812509,-1.24865099873674,0.0209691485863603,0.027910576821443
58,51.5094082354566,-0.161023224552248,38.4026321214624,-1.25425785451455,0.040996205165273,0.0162359182931463
58.5,51.5094026550412,-0.161023166696614,38.3745193879586,-1.25707545022004,0.0345910714608577,0.0254454381152461
59,51.5093968826099,-0.161023088213315,38.343679309357,-1.26783365771192,0.0226971870103531,0.0264020649131326
59.5,51.5093912645402,-0.161022821497685,38.3300257017836,-1.26038332272047,0.0229818935427496,0.0325855573291541
60,51.5093854449167,-0.161022579610491,38.3145725301001,-1.26334390251653,0.0207475715698788,0.0264491095354562
60.5,51.5093798326845,-0.161022508808106,38.3142222352326,-1.26102228745063,0.00701509619634986,0.0168248992238317
61,51.5093742449137,-0.161022724866005,38.3044026365969,-1.25217324933165,-0.00869380090426896,0.0148410287864055
61.5,51.5093686793972,-0.161023184375266,38.2880742817651,-1.24683158630153,-0.0204890702957928,0.0177032771527416
62,51.5093629432482,-0.161023437311308,38.2681010272354,-1.25301258563522,-0.0243059878108892,0.0068810194725375
62.5,51.5093572405606,-0.161023301379946,38.2686090879142,-1.25709527233327,-0.0164344664980046,0.0049504619840669
63,51.5093516425926,-0.161023605028711,38.2559560362715,-1.25323120653309,-0.0255130836445067,0.00492750806469844
63.5,51.5093459247234,-0.161023695608,38.2692053383216,-1.26680098811737,-0.0173388357011238,-0.00342189945377158
64,51.509340185556,-0.161023987304055,38.2721854075789,-1.2570707763242,-0.0270131883149732,-0.0121737570916924
64.5,51.5093345798397,-0.161024173845673,38.276765106013,-1.24660087552289,-0.0219068098008944,-0.0174429829791064
65,51.5093288693124,-0.161024230502414,38.2669785318431,-1.25656532667367,-0.0118817213134971,-0.018808585804044
65.5,51.5093233610975,-0.161024189082197,38.2642671258654,-1.24430845452196,0.0164640682972141,-0.0104688592867754
66,51.5093176773587,-0.161023915858108,38.2763289900031,-1.25138249146228,0.0310595844688614,-0.0152792365267822
66.5,51.5093118506265,-0.161023664111364,38.2737673902884,-1.26378377807913,0.0205386894101859,-0.0209781276971331
67,51.5093063508606,-0.161023431559609,38.2916077014524,-1.24446145486016,0.0146476689177155,-0.0251362784743108
67.5,51.5093008581826,-0.161023379115511,38.2632166887634,-1.23905225926637,0.00914800290961136,-0.0103071236712431
68,51.5092951942316,-0.161023361423916,38.2676802678034,-1.23179507935704,0.00814354728712065,-0.0127223315578364
68.5,51.5092895691442,-0.161023428916975,38.2868644180708,-1.23125284190449,0.00356830081572109,-0.0163554265780387
69,51.5092841130934,-0.161023525191718,38.2536547812633,-1.24360618245609,-0.000926787483602357,-0.00633905320427031
69.5,51.5092785531673,-0.161023501813354,38.2641125337686,-1.24811039117384,-0.00105582579322902,-0.00986787354161967
70,51.5092729043721,-0.16102337074495,38.2388457111083,-1.25503525904491,0.00336101202859517,-0.000452048363099422
70.5,51.5092673413556,-0.161023323692229,38.210273057688,-1.25425609171113,0.00570022534127744,0.0106809513651244
71,51.5092616470712,-0.161023193357934,38.1892699163873,-1.25711384012689,0.00644524373767621,0.00806917641007454
71.5,51.5092568942626,-0.161023318393667,38.199115909636,-1.12041827120751,0.00989037089228214,0.00325058741889983
72,51.5092530456233,-0.161023178746897,38.2272212810349,-0.937809648938126,0.0324245235115374,-0.0091013774453948
72.5,51.5092504263889,-0.161023111977386,38.2573507409543,-0.718532576289989,0.0479346351201725,-0.0120045501065331
73,51.5092486845404,-0.161023104364405,38.2152537556831,-0.494124680132091,0.0582502523902786,0.00643044382318611
73.5,51.5092473699722,-0.161022469958921,38.2244378877804,-0.352978952058655,0.0850098507529081,-0.00394765570416425
74,51.509246166657,-0.161021533193867,38.2343725264072,-0.283949385122549,0.107660753658813,-0.00437111027250686
74.5,51.5092452368462,-0.161020443012735,38.2825760343112,-0.218372719207593,0.135451837031335,-0.0144774860252519
75,51.5092445233835,-0.161018774146185,38.2760333574843,-0.173303462693017,0.192809560111736,-0.0145483387753002
75.5,51.509244160268,-0.161016979819649,38.2562109061982,-0.105582861657468,0.223814719580083,-0.000205970334789328
76,51.5092441750964,-0.161015216154142,38.2346193359699,-0.0414944741493999,0.24947829256545,0.0108855787075222
76.5,51.5092443026135,-0.161013679634971,38.2279189634137,0.010096871546079,0.24834870305359,0.0145132908656967
77,51.5092448334423,-0.161012097881177,38.203941501677,0.0697793644959249,0.248565684120885,0.0217586171842458
77.5,51.5092454927866,-0.161010653688804,38.1909784111194,0.111331494005835,0.224299375060455,0.0152932139250995
78,51.5092462267958,-0.161009351082064,38.1982217479963,0.158107438138036,0.198527614063247,0.00517007473085408
78.5,51.5092471812991,-0.161008478117188,38.1899112840183,0.180885428121998,0.142090123357652,0.00277666707255178
79,51.5092481571277,-0.161008134719858,38.1868374259211,0.19661082532466,0.0800609634953982,-0.00317094498446337
79.5,51.5092500826131,-0.161007878301006,38.1720784581266,0.341110330544121,0.0606924824247213,-0.0126018080186035
80,51.509252843284,-0.16100801616375,38.1705417195335,0.538973335245423,0.0524013324856357,-0.00978638921686603
80.5,51.5092567962012,-0.161008078089849,38.1758257062174,0.768083075610872,0.0580567134274437,-0.0148520485017033
81,51.5092618860179,-0.161008424081245,38.1765971530695,0.998785108574092,0.0412861487854389,-0.0097341960813398
81.5,51.5092672897531,-0.161008589042345,38.1775227591861,1.11608436847184,0.0253451182191386,-0.0142939326032581
82,51.5092728459835,-0.161008859002424,38.1439005308785,1.18540505431227,0.0147461728766049,0.0035774024484071
82.5,51.509278300413,-0.161008986247661,38.1403645514511,1.22520305599422,0.00375736551199801,0.00311049112023476
83,51.5092838956663,-0.161008809534845,38.1315149201546,1.2397972292067,0.00364244335683443,0.00557658276709727
83.5,51.5092895357971,-0.161008765743326,38.096186531242,1.23834791117902,0.00502344425433855,0.0128841158488784
84,51.509295125172,-0.161009073692905,38.0795166925527,1.25157358518888,-0.0166538898501291,0.0126939060458516
84.5,51.5093007983491,-0.161009244343206,38.0711658317596,1.25443715262898,-0.0211352427898917,0.0184101900584652
85,51.5093065442192,-0.161009375366918,38.0819271537475,1.25903988650587,-0.0114919205558218,-0.00208552087641711
85.5,51.5093121403522,-0.161009294282106,38.095262125833,1.25311272174886,0.00165516109955426,-0.0170751833770746
86,51.5093177720911,-0.161009124372022,38.1034932418261,1.2537384737994,0.013203002193456,-0.0196653092533186
86.5,51.5093233154224,-0.161008966376821,38.1264457306825,1.24409578289677,0.0114423354668918,-0.0372108637462243
87,51.5093287941257,-0.161008964813209,38.1410851795226,1.23115997362502,0.000644068115554079,-0.0422977485216522
87.5,51.5093343886706,-0.161009283971923,38.1581905207131,1.23630704268285,-0.025838206164868,-0.0403843690802705
88,51.5093401156429,-0.161009630090185,38.1669932112563,1.25131139435874,-0.028436174512125,-0.031003187943929
88.5,51.5093457132241,-0.161009971814725,38.1481164696161,1.24879057049485,-0.0311902190453004,-0.023001363658514
89,51.5093513471109,-0.161010144248277,38.1097296068911,1.25990310656648,-0.0167912568718774,0.00671390655384752
89.5,51.5093570018988,-0.161010133179462,38.0733521138318,1.25807157753234,-0.0184774305465361,0.0308108284130379
90,51.5093626405336,-0.161009961618385,38.0288705341518,1.2521303715197,0.00175028989989607,0.0378379286143403
90.5,51.5093682392766,-0.161009967241242,37.9978089712095,1.24475660889528,-0.00697445894618477,0.0422380507758471
91,51.5093738122084,-0.161009982790535,37.9855883645359,1.25441211278698,-0.00244429438174411,0.031616479849786
91.5,51.5093793730233,-0.161010064139046,37.9610292161815,1.24238269782125,-0.0177372639916615,0.0355894286813305
92,51.509385099695,-0.16101005360388,37.9465752111282,1.24359563167816,-0.00995224783614334,0.0285300161783862
92.5,51.509390650197,-0.161010340757126,37.9389254758134,1.24097207144135,-0.0221298641707178,0.0195655228730313
93,51.5093963685383,-0.161010407899035,37.9415906507056,1.24351387436626,-0.0193686873840912,0.0056886977097429
93.5,51.5094019729775,-0.161010450972337,37.9454329751898,1.2444618992547,-0.00981160581256309,-0.00470392550344778
94,51.5094076017643,-0.161010196922499,37.9538656331133,1.26196448451082,0.00685782396790312,-0.00477787536966778
94.5,51.5094131827796,-0.161010088103046,37.927860327065,1.2526379402113,0.00688994309455927,7.32120507016543e-05
95,51.5094187849107,-0.161009704658226,37.9284403088968,1.25305431773307,0.027029783704754,0.00398912605530033
95.5,51.5094244457463,-0.161009681212273,37.9242879841477,1.25554733683963,0.00896168754213853,0.00319796393573024
96,51.5094300272186,-0.161009683748969,37.9360755137168,1.24081485904156,-0.00256853411550881,-0.00377582501434881
96.5,51.5094356241705,-0.161009473649063,37.9353549140505,1.24453605697331,0.0091747179443366,0.000959609642331993
97,51.5094412380753,-0.161009109032848,37.9263711664826,1.24221526104224,0.0180828123217821,0.00832448752120829
97.5,51.5094468809414,-0.161009025677033,37.9251075007487,1.26696254125691,0.0164028660396006,0.00915148841623592
98,51.5094525541645,-0.161008974314193,37.9196245253552,1.26219913257733,0.0182528237626759,0.000995821353449666
98.5,51.5094581239065,-0.161008762777338,37.9146498234477,1.24593641728018,0.0195017287926201,0.0040503956510286
99,51.5094635966338,-0.161008538015371,37.930792596424,1.24080657596682,0.0322440647515008,-0.00964188562732449
99.5,51.5094691533804,-0.16100823591544,37.9231281927787,1.23926716421471,0.0416870811934507,-0.0120838212909894
100,51.5094747697844,-0.16100829868512,37.9368217238225,1.24515683206661,0.0157840396995273,-0.0203143832807171
100.5,51.5094802872098,-0.161008099243016,37.9382056016475,1.24379237871418,0.0186826721971625,-0.0164138342957635
101,51.5094858932311,-0.161008229591732,37.918902105419,1.24308031314317,-0.00141193748510216,-0.00409140661866114
101.5,51.5094914110553,-0.161008347322405,37.9100103175733,1.23374000145266,0.00339507096104285,-1.58925101447771e-05
102,51.5094970932267,-0.161008499308753,37.9078358183615,1.23942017826927,0.00594740344220014,-0.00554916582780074
102.5,51.5095027061812,-0.161008672470406,37.9144598729908,1.25369181084735,-0.00210478373649003,-0.00199235638716333
103,51.5095081864294,-0.161008331603093,37.9585236646235,1.24889618192498,0.0177963393216961,-0.0227599182884161
103.5,51.5095138921015,-0.161008613688356,37.9466800261289,1.25933531111678,-3.17212282471475e-05,-0.0162534862265774
104,51.5095194995442,-0.161008707839884,37.9429709312972,1.26128655409504,-0.0135429036942701,-0.0135451288417121
104.5,51.5095250065386,-0.161008761909596,37.925017533591,1.24079921938904,-0.0217679091544129,-0.00192539410631709
105,51.5095305044383,-0.161008799225263,37.9244122386444,1.24809038250447,-0.0245518899086325,-0.00397197619417433
105.5,51.509536206439,-0.161009152537716,37.9129050881602,1.25958244553707,-0.0265566460744824,-0.00213215334730066
106,51.5095418710262,-0.161009009283322,37.924846566515,1.2626481418469,-0.0166961485795626,-0.0126338152563198
106.5,51.5095474643934,-0.161009010211141,37.9239523555152,1.25268051179705,-0.0122274115609352,-0.00170961031361194
107,51.5095530995282,-0.161008786096311,37.937043993501,1.24514229190421,-0.00706602556001986,-0.00480407512026149
107.5,51.5095586700497,-0.16100877657515,37.9555307861883,1.25640949957209,0.00144556604922375,-0.0127179168048264
108,51.5095643619189,-0.161008669134709,37.9692707962822,1.26199661311973,0.00333205819073473,-0.0127658216341298
108.5,51.5095701088523,-0.161008696130584,37.9825258266646,1.27085855998817,-0.00277596533098895,-0.0052188837457624
109,51.5095758494815,-0.161008982605918,37.9820904990193,1.26911683982759,-0.00918317166384033,-0.0128385297627218
109.5,51.5095814826759,-0.16100898841219,37.9981127488427,1.26265642998783,-0.0098212459227931,-0.0235613012511529
110,51.5095872011819,-0.161009240264634,37.9981971792877,1.26888803905534,-0.0242011903166511,-0.0209096052363387
110.5,51.5095920427961,-0.161009319750119,38.003227871377,1.14794214976525,-0.0374651647331347,-0.0254989622917591
111,51.5095959510868,-0.161009482981465,38.0094486430753,0.960440319679494,-0.0479802086646277,-0.0199521435634815
111.5,51.5095986111858,-0.161009514688001,38.0306510603987,0.73385375533004,-0.0535481012745924,-0.022929171435762
112,51.5096003079467,-0.16100960255434,38.0185902377125,0.493889108044368,-0.0625419391885043,-0.0121176114571181
112.5,51.5096016461472,-0.161009324362544,38.0073988817167,0.363157860825151,-0.0208205986155224,-0.00247556985473599
113,51.5096027536022,-0.161008527471109,38.0163269392215,0.302118653488759,0.0490082374676936,-0.00158017709216665
113.5,51.5096034607497,-0.161007060794612,38.0248039965518,0.222708127200304,0.108174352749813,-0.0151938289049487
114,51.5096041358282,-0.16100578540552,38.0038885034155,0.182273665040022,0.139584799640196,-0.00040184051484804
114.5,51.509604517559,-0.161004201044812,38.0343233607709,0.12299725731622,0.181413746336902,-0.0227092424420066
115,51.5096045599456,-0.16100244953561,38.0547930288594,0.0576156976904664,0.207421421899574,-0.0260668237509648
115.5,51.5096044209166,-0.16100095694557,38.0462768534198,-0.001524096484773,0.20710592569146,-0.0243615148554659
116,51.5096039638902,-0.160999384506406,38.0415113719646,-0.0614091888048759,0.200812281306631,-0.0219531543082745
116.5,51.5096033446767,-0.160997934760313,38.0432325829752,-0.113861436848902,0.192644913350637,-0.0217113270942986
117,51.5096025239415,-0.16099694196954,38.0442239015829,-0.16606105744748,0.155488363608157,-0.0209865164454422
117.5,51.5096015548044,-0.160996412781254,38.0306973354891,-0.216214319279913,0.110532642828611,-0.0156437261743944
118,51.5096005270481,-0.160996162818625,38.056977776112,-0.235373979417188,0.0659248296413827,-0.0211382919392896
118.5,51.5095985050155,-0.160996002031791,38.0502707967535,-0.369505582096763,0.0257202133801441,-0.0223077243947607
119,51.5095954475291,-0.160995767533118,38.0685012973845,-0.569799540984396,-0.000229958963878128,-0.0271221124822132
119.5,51.5095914459592,-0.160995526815731,38.0686041519511,-0.782534520185379,-0.0012302212383198,-0.0256562876157382
120,51.5095864774901,-0.160995349742327,38.0440191293601,-1.00119276144243,-0.0181585155832348,-0.019128875398591
120.5,51.5095811044448,-0.160995277997543,38.0526033649221,-1.12562867986491,-0.0241640817030288,-0.0285128002714831
121,51.5095755487542,-0.160995436033541,38.0493370895274,-1.19129774504787,-0.0266327505854737,-0.0218677509390581
121.5,51.5095699659596,-0.160995169028053,38.0410833680071,-1.22312885946091,-0.000118277657755048,-0.012408012220035
122,51.5095644273158,-0.160995158615041,38.0307459642645,-1.2281888294305,0.00535463396023577,-0.0142278804217362
122.5,51.5095587953327,-0.160995063439412,38.0130921159871,-1.23958431516766,0.00848926273486202,0.00525620622939993
123,51.5095531702132,-0.16099516723043,37.9998539283406,-1.24857716287939,-0.012536891195853,0.00741398110100111
123.5,51.5095476286819,-0.160995368676687,38.0107257040218,-1.24392771571577,-0.0143784530857811,-0.00642145957883489
124,51.5095420123954,-0.160995613473014,38.0243736139964,-1.25354208973058,-0.0190908032118269,-0.0182300389178408
124.5,51.5095364156734,-0.160995875354681,38.0321102940943,-1.25483455323724,-0.0257913363533192,-0.0144799954148738
125,51.5095307961923,-0.160996156723341,38.0200814772397,-1.25153361693135,-0.0369831478041,-0.00900205213455241
125.5,51.5095251360027,-0.160996161126485,38.0201132916845,-1.25118149165279,-0.0258492981262879,-0.00839029178182249
126,51.5095194888276,-0.160996161558709,38.0160958799534,-1.24946774760943,-0.0118569591567682,-0.00957503597326737
126.5,51.5095137399638,-0.160996014103752,38.0295489709824,-1.25749490819449,0.00727685148625462,-0.0150439159944914
127,51.5095081781096,-0.160996005226271,38.0108124862891,-1.24239055271643,0.00655998956756979,-0.00666917694901248
127.5,51.5095026334231,-0.160995975632433,38.0087844172958,-1.22749283738406,0.0145920553283592,-0.00288001566229479
128,51.5094971539702,-0.160995983054798,38.0006646879483,-1.23142862116909,0.00431568822009906,0.00270938467484094
128.5,51.5094916253136,-0.160995757023308,37.9832285903394,-1.23500531105041,0.0177888171466725,0.00412198457489132
129,51.5094859475869,-0.160995632363628,37.9713531851303,-1.24635212069987,0.0110256257779484,0.000520352661844581
129.5,51.5094803854199,-0.160995686770531,37.9830311839469,-1.23796296201895,-0.00180817851253054,-0.00856712242906887
130,51.5094747410139,-0.160995648859613,37.9895766195841,-1.25388831257175,-0.010230013691833,-0.0166616749030423
130.5,51.5094690619781,-0.160995635766046,37.9774583198596,-1.26305235792995,-0.0105449609814214,-0.0104764313231313
131,51.5094634184338,-0.16099574375802,37.9800709669944,-1.26119598587136,-0.0127203492440972,-0.0022198552682543
131.5,51.5094578177153,-0.160995967717528,37.9644850315526,-1.25234601237568,-0.0135158323040465,0.00757462259271702
132,51.5094521431448,-0.160995913093285,37.9849153966643,-1.25949733235592,-0.0114168233281721,-0.00211388353289677
132.5,51.5094464631319,-0.160995837202801,37.9846113089006,-1.24864377978312,0.00684131330680408,0.010421879726074
133,51.5094408135557,-0.160995398627029,37.9639223739505,-1.25064160805665,0.0186785103577008,0.0160546426737064
133.5,51.5094351780845,-0.160995132057932,37.9687559304293,-1.24764275573537,0.032607947948964,0.000656072138910946
134,51.5094294584925,-0.160994811185397,37.9651322911959,-1.25688457012414,0.0405432415644576,-0.00293717391012138
134.5,51.5094238141183,-0.160994587826222,37.9754742060322,-1.24367738002674,0.0418429469176356,-0.0113739730121061
135,51.5094183448437,-0.16099436862197,37.9880121517926,-1.23186841654873,0.0352307901592181,-0.0123840371586124
135.5,51.5094127711477,-0.160994371181419,37.9931142514106,-1.23824456788741,0.0145741871879183,-0.0145230608472799
136,51.509407171535,-0.160994421782614,37.9732568489853,-1.24767918064471,0.00683346567205583,-0.00179924612630589
136.5,51.509401553952,-0.160994287641521,37.9752296088263,-1.25405545967351,0.0115534760753197,-0.00125388778068969
137,51.50939600193,-0.160994083826926,37.9818151595537,-1.25322932137295,0.0168834704812562,-0.0005179649629935
137.5,51.5093903809516,-0.160993976103293,37.9528319621459,-1.24811161408495,0.0214256154884821,0.014021641241154
138,51.5093849602663,-0.160993836515594,37.9401277482975,-1.2389542978082,0.0174479876487281,0.0227458463886169
138.5,51.5093793028672,-0.160993561854859,37.9560306416824,-1.2453763769503,0.0209381065135352,0.00803744198730805
139,51.5093737912981,-0.160993434275248,37.9758644937538,-1.24253273032582,0.0242702893703348,-0.00222375621242921
139.5,51.5093681724891,-0.160993239570513,37.9848696803674,-1.24078572792719,0.0248917651658884,-0.000507608188647035
140,51.5093625366685,-0.160992992732791,37.9772776591126,-1.25622519659767,0.0251520853767165,0.000612007278553039
140.5,51.5093568526973,-0.160992825699574,37.9890234079212,-1.2656639144367,0.0235644115168719,-0.00814139065694097
141,51.5093512333598,-0.160992668741338,37.9850613866001,-1.25133099686395,0.0286160146537069,-0.00983660879062931
141.5,51.5093456640405,-0.160992742982417,37.9699173341505,-1.2461225377359,0.00775218271870699,-0.00157481636925139
142,51.5093400369825,-0.160992821160777,37.9498312035576,-1.25721686755619,0.00110857703204727,0.00649478079834087
142.5,51.5093342939899,-0.160992592647234,37.9387236707844,-1.25841460477364,0.0104962028414539,0.00948356088719227
143,51.5093286166894,-0.160992728246497,37.8990464222152,-1.25943355791447,0.00297713378229479,0.0353025649868081
143.5,51.5093230495609,-0.160992928208726,37.8732361642178,-1.25575137308488,-0.00437150846821719,0.0331070875637689
144,51.5093174711038,-0.160992956043727,37.8765871066134,-1.24001254451701,-0.00202951702674102,0.0267226972229332
144.5,51.5093118137264,-0.160992914644024,37.8865986482706,-1.2516533768627,0.00133843539236018,0.0157186483810965
145,51.50930612282,-0.160992654952708,37.9003231921233,-1.24740160380394,0.0120761862845459,-0.00182849415019437
145.5,51.5093005292473,-0.160992589547154,37.910562211182,-1.25009799317036,0.00496546280448636,-0.00541062943520365
146,51.5092948464849,-0.16099244517642,37.912275055889,-1.25855264870705,0.0174380532783319,-0.00661710468615051
146.5,51.5092892449454,-0.160992462266966,37.9328148539644,-1.25627791356207,0.00250125301588889,-0.0114929447648864
147,51.5092836724493,-0.160992337769438,37.9432211166713,-1.24031370998199,0.0122159256735137,-0.0162261434330055
147.5,51.5092779226973,-0.160992155128347,37.9310714618769,-1.26034489409002,0.0118563949082899,-0.0106626513734421
148,51.5092722653169,-0.16099191760287,37.9419997027144,-1.25798081567431,0.0225534744005261,-0.0185596027043536
148.5,51.5092665181923,-0.16099187830341,37.95903026429,-1.2676802879875,0.0156976277951034,-0.0224612234630155
149,51.5092607960065,-0.160991871409115,37.9524322890211,-1.26816585260792,0.0182390364333487,-0.0146488370226914
149.5,51.5092559354338,-0.1609917846223,37.9344800028484,-1.14526797219441,0.0308937877490019,0.00218299137914746
150,51.5092521097548,-0.160991680513388,37.9324416886084,-0.955405538418554,0.0445756859362744,-0.000484110042049901
150.5,51.5092493588388,-0.160991723308245,37.9315151479095,-0.730914915475738,0.0423475548728109,0.00916119483926692
151,51.5092476384999,-0.16099198040468,37.914269662695,-0.497925647790851,0.0336715375764084,0.0139034180151755
151.5,51.5092462672588,-0.160991827558569,37.8950364086777,-0.364658343416018,0.0534185776678781,0.016265505999754
152,51.509245131827,-0.160990805569626,37.9038418983109,-0.280680360772821,0.104334743458129,0.00716079421418142
152.5,51.5092442171948,-0.160989933923735,37.9135516209062,-0.222030998923463,0.131600914736964,-0.00280399240474374
153,51.5092435310031,-0.160988515089392,37.911724424921,-0.170158038890555,0.175246987260813,-0.00077038944523139
153.5,51.5092431186273,-0.160986893755425,37.9030961382668,-0.115052005178107,0.207750392155512,0.00126714328606557
154,51.5092429389881,-0.16098532790263,37.9061395605095,-0.0607378417795193,0.223190658448607,0.00648305265494226
154.5,51.5092431571418,-0.160983625881568,37.9059383731801,-0.00436182271011062,0.242786741306447,0.00384568290971748
155,51.5092435528897,-0.160981975627112,37.920922658639,0.0569457433542302,0.237626418793501,-0.00376672142367018
155.5,51.5092441642475,-0.160980660941941,37.925233237911,0.10655152669433,0.215881860729594,0.000262691788978212
156,51.5092450560229,-0.160979611869437,37.9294769987464,0.157359939668484,0.181207419633025,-0.00430589723443023
156.5,51.5092459433306,-0.160978889034749,37.9235018244945,0.177903904892708,0.131831571649004,-0.00767902351267462
157,51.5092469976682,-0.160978565977734,37.9212855370715,0.207007999432183,0.0795958977301176,-0.00919539801527347
157.5,51.5092488974895,-0.160978521916311,37.942755115917,0.347804264775601,0.0515451834283485,-0.0259983071907424
158,51.5092517797197,-0.160978594676177,37.9344296324998,0.542143062236167,0.0399372721554056,-0.0118875364884884
158.5,51.5092557835327,-0.160978909858212,37.9410366828088,0.775716558985412,0.0388095930800401,-0.0067643909505008
159,51.5092608629412,-0.160979010477358,37.9441274383571,1.00671130764234,0.0432414152223642,-0.00129848610909705
159.5,51.509266125409,-0.160978844844955,37.9258375247009,1.1205333763646,0.0379985584836725,0.000495759783085248
160,51.5092716324483,-0.160978958751772,37.9275128913578,1.18487704130091,0.0174162405739709,-0.00518869445841807
160.5,51.5092771937386,-0.160978962336279,37.941942268284,1.21897112448623,0.0137807175960783,-0.0202996818172972
161,51.5092828093215,-0.160978885508996,37.9788983927574,1.23897517123994,0.0154479948966913,-0.0327980191397625
161.5,51.50928837749,-0.160978745695353,37.9919159968849,1.24016030574001,0.0175591398359609,-0.0237448564880112
162,51.5092939069719,-0.160978551220845,38.0097626703791,1.23635766410337,0.0177512741107684,-0.021472741779319
162.5,51.5092995263408,-0.160978484741472,38.0133760811295,1.24627728355772,0.0167488189648773,-0.0183097719428044
163,51.5093052303005,-0.16097855919365,38.0134962159209,1.25105886023115,0.00296696714981514,-0.0130738393669875
163.5,51.5093106997399,-0.16097849669657,37.9970029997639,1.24622382494955,0.0113166737627971,0.00213513753402472
164,51.5093163854319,-0.160978498819921,37.9924914389849,1.25735522563888,0.00148936680955841,0.00861446720602377
164.5,51.5093220398275,-0.160978487691197,37.9770413916558,1.25788531420737,0.000243842458732419,0.0139508559143695
165,51.5093277202222,-0.160978531959153,37.9618877160829,1.25695452531583,-0.00118204099538488,0.0165233753667029
165.5,51.5093334257998,-0.160978600154161,37.9466435138602,1.25818981382486,0.00301075226976072,0.0206625680939334
166,51.509339076792,-0.160978392582493,37.9701892631128,1.26399009787417,0.0100243905609274,-0.00168146775308453
166.5,51.5093446926847,-0.160978366843464,37.9807014584076,1.26236380154484,0.00376254499066462,-0.0181371725133439
167,51.5093502630111,-0.160978253856288,37.985878087813,1.25351564982829,0.0128424836922838,-0.0185479526937042
167.5,51.5093558304553,-0.160978276458063,37.993031360209,1.24236600574389,0.00629041217146516,-0.0219750072436182
168,51.5093614880249,-0.160978060585199,38.0093619325198,1.25213840926016,0.00977600037789573,-0.0291646368985966
168.5,51.5093671239652,-0.160978260176589,38.0024249353446,1.25003864009874,0.000616117223559555,-0.0216022124361577
169,51.5093727995935,-0.160978380166185,37.997954535298,1.25506046859816,-0.0115433469068032,-0.0210059146637839
169.5,51.50937833739,-0.160978386836672,38.0247518171091,1.24868483330167,-0.011919403344721,-0.0311780456544979
170,51.509383946711,-0.160978544158039,38.0248543859925,1.241277680119,-0.00999590360104512,-0.0292047335137277
170.5,51.5093895589487,-0.160978562424103,38.0449000974186,1.2458116616573,-0.0112480902341872,-0.037498324005908
171,51.5093951058277,-0.160978592589797,38.0201374928001,1.23618307058432,-0.00588376446428405,-0.0167326709011419
171.5,51.5094006765187,-0.16097874032664,38.0227699759416,1.22807348564134,-0.00916744051445094,-0.00857263551523924
172,51.5094061561109,-0.160978747447653,38.0192654419225,1.23412296293649,-0.00708267326325779,-0.00973741991819121
172.5,51.5094117360731,-0.160978847252274,38.0028840762097,1.23539304823264,-0.00260843518510814,0.00234766900903272
173,51.509417290431,-0.160978710024917,38.0100880127866,1.23425319559731,0.0128851488341581,-0.00577003213478855
173.5,51.5094229246827,-0.16097854890733,38.0051208343357,1.23862975427235,0.00788429636572728,-0.00598133206090046
174,51.5094284560894,-0.160978387679982,38.0090425491799,1.2482332134359,0.013676321877886,-0.00279077762505664
174.5,51.5094340831672,-0.16097825640304,38.0175463496707,1.25452819568389,0.0165957411295595,-0.00471741558072447
175,51.5094396907003,-0.160978248525424,38.0150622159708,1.23961727954382,0.00233707552256835,0.00313505175510165
175.5,51.5094454028613,-0.160978400919715,37.9987627151422,1.25201112942174,-0.000476542105047927,0.0085188640026439
176,51.5094510425988,-0.160978093734356,38.0272955149412,1.25684550060614,0.0155043437812124,-0.00907810998055214
176.5,51.5094566948029,-0.160978119928937,38.0119579622988,1.25989882863309,0.00405124200918253,-0.00559378583702996
177,51.5094622592188,-0.16097806893768,38.0003500622697,1.24745149970024,0.00670373241572163,-0.00261074873074552
177.5,51.5094678219326,-0.160977759966898,38.0299355189782,1.24377926614671,0.019916344914011,-0.0105220548781145
178,51.5094734443431,-0.160977682090909,38.0524369764607,1.25167548143728,0.022534813213428,-0.0231540310973526
178.5,51.5094790383054,-0.160977511999703,38.0391832019668,1.25343055043322,0.0228316251131128,-0.017177319444097
179,51.5094845867068,-0.160977311210758,38.057343542343,1.24158241356039,0.0273129357822746,-0.0287517173283429
179.5,51.5094901611295,-0.160977295881575,38.0539959326852,1.2344664324353,0.0249369338915867,-0.0228104525877635
180,51.5094957853405,-0.160977311960333,38.081579307327,1.2356331052054,0.01117213866164,-0.0317017398064052
180.5,51.5095013153034,-0.160977139027049,38.0968881445006,1.23715896081111,0.01244089408346,-0.0273237276201241
181,51.5095068161214,-0.160977121944818,38.0958155961707,1.23138629659343,0.00929558470114586,-0.0148929290293396
181.5,51.5095123436815,-0.160977149067492,38.0718683926389,1.23390495535031,6.32824845521853e-05,-0.00621986024022614
182,51.5095179105067,-0.160977140546278,38.0546935366001,1.24399907721536,-0.000197402930221801,0.00128819525322255
182.5,51.5095235232614,-0.160977200588464,38.0316783038434,1.24435920799941,-0.00278885615774512,0.0156281158836535
183,51.5095291206816,-0.160977004865584,38.0355592004489,1.24697143472694,0.00791639456657217,0.0105332722067032
183.5,51.5095348026419,-0.160977028690484,38.0341785750352,1.25091656988556,0.00494568202716287,-0.00138982391879361
184,51.5095403240807,-0.160977125843578,38.0061803841963,1.24056951146836,0.00100707169655397,0.0196013916375323
184.5,51.509545848638,-0.16097695579573,37.9874281273223,1.23265017796362,0.00422640756393159,0.0254891116779308
185,51.5095515039547,-0.160977175498819,37.9856437759008,1.24686104926387,-0.00832918604817138,0.0144414783667128
185.5,51.5095571155871,-0.160977326613706,37.940226278035,1.24900199418191,-0.024401091668195,0.0273842946917121
186,51.5095627797087,-0.160977396475439,37.925002834294,1.25102535929989,-0.0191670301288756,0.0234298722653377
186.5,51.5095684546375,-0.160977486874579,37.9052740808111,1.24890466134007,-0.0119047630680185,0.0191538288678492
187,51.509573905534,-0.160977533964302,37.8977753801737,1.23431794131817,-0.0139719324708102,0.0161414247966388
187.5,51.509579629461,-0.160977588905804,37.8965434576385,1.25495550691347,-0.00968752939345424,0.0104899668392889
188,51.5095853059943,-0.160977661286049,37.8705438652541,1.26188895010919,-0.00311791119536948,0.0133828788235052
188.5,51.5095901209018,-0.16097760914073,37.8537782921921,1.13521260816729,-0.0167243320528101,0.0273435360188411
189,51.5095939843858,-0.16097760642363,37.8330471040681,0.949101346673598,-0.0288453239937792,0.0209219904590718
189.5,51.5095967494151,-0.160977673673282,37.8492872400675,0.720922050393614,-0.0506455479503808,0.00168234277682505
190,51.5095983859261,-0.160977767489397,37.858402566053,0.481659897453279,-0.0685451007666677,0.00391046364861286
190.5,51.5095997240745,-0.16097733497185,37.8215858407784,0.38069692750176,-0.0233716308589388,0.0171400382724461
191,51.5096008178433,-0.160976538918882,37.8270092245657,0.307896166770702,0.0370274384655016,0.0134851559476546
191.5,51.5096016858555,-0.160975364735348,37.8279330353253,0.246048870167403,0.0923417491804184,0.0089908932318107
192,51.5096023445596,-0.160973878009565,37.8377470134292,0.197828260599773,0.148342863366133,0.0116632798371664
192.5,51.5096029233035,-0.160972297084688,37.849753143033,0.148483071272333,0.181060994867905,-0.00385238609721825
193,51.5096031666302,-0.160970563409566,37.8634465867653,0.0884001631373228,0.196359315083109,-0.000383666210377803
193.5,51.5096030392896,-0.160968819695781,37.8635544278659,0.0134070419742116,0.204730516795283,0.00305767717415168
194,51.5096025909547,-0.160967222347855,37.8641048544087,-0.0617934335799574,0.202089361251984,-0.00410065057471209
194.5,51.5096019439309,-0.16096588835025,37.8700382572133,-0.121988872631733,0.186013396254602,-0.0109527888947045
195,51.5096011579366,-0.160964940758079,37.8746111022774,-0.164016221070938,0.151850867905585,-0.0148244457386478
195.5,51.5096000856581,-0.16096401183596,37.8957586789038,-0.213302828135066,0.122950642429499,-0.0190034688231216
196,51.5095990353765,-0.160963750503319,37.899266915163,-0.237110774281055,0.0659872447629852,-0.0183919045780494
196.5,51.5095970410007,-0.160963514909427,37.8787715733051,-0.375048595484364,0.0259709933903511,-0.00551480122338632
197,51.5095940849233,-0.160963409825098,37.8998343315907,-0.564446303941718,-0.00179831027130242,-0.0216086318535774
197.5,51.5095900595765,-0.160963264800101,37.8966921952087,-0.785239301141468,-0.0252372190418917,-0.0147521884973771
198,51.5095848854766,-0.16096322369639,37.9004301093519,-1.02706290213075,-0.038985169997962,-0.0128976099204782
198.5,51.5095794496973,-0.160963226083826,37.8797638674732,-1.14320790058696,-0.023213686840949,0.00482442361969404
199,51.5095740208544,-0.160963265740234,37.8683956991881,-1.18925540791323,-0.0297311100203455,-0.0011914487425877
199.5,51.5095684207912,-0.16096345077242,37.8694504813757,-1.218578576541,-0.0283478537132967,-0.000119591150421816
200,51.5095628584567,-0.160963401512482,37.855319004273,-1.22661383756037,-0.0113439993076635,0.00817254863738559
200.5,51.5095572037293,-0.160963414213955,37.8348507627379,-1.24764871010764,-0.0100732865457553,0.00840954995138177
201,51.5095515063659,-0.160963409958515,37.8308393293992,-1.25946760736397,0.00215233633007187,0.00648141731420016
201.5,51.5095458460884,-0.160963276949524,37.8096961076371,-1.2565888936715,0.0139612872638901,0.00906143133269821
202,51.5095401703142,-0.160963175198066,37.8090872298926,-1.2546930451973,0.0173230198629989,0.00559884617229245
202.5,51.5095345083545,-0.160962879812657,37.8053565579467,-1.25891555439883,0.0214050835855359,0.0031384167953592
203,51.509528917365,-0.160962833144656,37.7957590045407,-1.26157791031791,0.0122950566458205,0.00123000261083395
203.5,51.5095232126931,-0.16096270469449,37.824985697167,-1.26302464203177,0.010077291209351,-0.0135875660374013
204,51.5095176032534,-0.160962563479648,37.8237048457377,-1.2568335751083,0.0178973116760986,-0.0101259415313122
204.5,51.5095119941742,-0.160962305300059,37.841220543487,-1.24940303748222,0.0248724914245579,-0.0184698499866399
205,51.5095064322571,-0.160962115596625,37.8711111559533,-1.24521361564529,0.0200193871263435,-0.0406320490213663
205.5,51.5095008293638,-0.160962077108047,37.8765382240526,-1.249960834357,0.0148635668827536,-0.0276162949417218
206,51.5094950743792,-0.160962019251596,37.8845620385837,-1.26101519988015,0.00327590460926194,-0.0255653309898739
206.5,51.5094894808134,-0.160962058967535,37.8957082617562,-1.24554512457624,-0.00371420028327257,-0.0245861190429949
207,51.5094839532102,-0.160962217305244,37.9028218018357,-1.24191417666721,-0.0114159693982896,-0.0236232656243568
207.5,51.5094784357949,-0.160962446893409,37.9182576949243,-1.24084161407822,-0.0164225152161347,-0.0276078772599574
208,51.5094728055284,-0.160962480808253,37.9303142167628,-1.24230209395054,-0.0122737213393104,-0.0277832566224959
208.5,51.5094672484897,-0.160962755696442,37.9493631885853,-1.24174684985898,-0.0245208331990702,-0.0298146100277744
209,51.5094615780758,-0.16096270772482,37.9573847376741,-1.24423876107064,-0.0109964211913102,-0.015375980464211
209.5,51.509455892661,-0.160962726419485,37.9587484912481,-1.25384557204678,-0.00974195855007646,-0.0145381556443734
210,51.5094502130771,-0.160962622898475,37.9555759874638,-1.25685729328626,0.00650131569439214,-0.00633215593525382
210.5,51.5094446176287,-0.160962391670856,37.9709926908836,-1.25225753812143,0.0217401787593605,-0.0094245408726914
211,51.5094389930604,-0.160962345886049,37.9828240922652,-1.25465387832447,0.00894972400732501,-0.0153839015932087
211.5,51.5094332077389,-0.160962032039357,37.9721818692051,-1.25734980595775,0.0232681604058228,-0.00438208706047039
212,51.5094275653144,-0.160961997822572,37.9747581311967,-1.25650025366654,0.00997778722777818,-0.00256201611271945
212.5,51.509421960789,-0.160962078510888,37.9949216051027,-1.25516342652222,0.00469705839465126,-0.0200646128044277
213,51.5094164084396,-0.160962468262661,37.9676543909591,-1.25273622368621,-0.0186967513708541,-0.00469081567850349
213.5,51.50941084898,-0.160962653125738,37.9569855241571,-1.24277703002654,-0.0102146741176874,0.00104888424404559
214,51.5094051441938,-0.160962621102434,37.9317773215007,-1.25225317145298,-0.00359547110497869,0.0145851742790846
214.5,51.5093996025238,-0.160962599473882,37.9085151206236,-1.24686158314974,0.00571927268677294,0.0296145112081561
215,51.5093940917019,-0.160962438277731,37.8882673310582,-1.23587666342996,0.00626816582318182,0.0244051098227487
215.5,51.5093885546758,-0.160962501151437,37.8561438447796,-1.23881040013692,-0.00118077750761441,0.0274449795668031
216,51.5093829849628,-0.160962446402151,37.8462914011907,-1.24279312405096,-0.0103090411239796,0.0220839772614616
216.5,51.509377310239,-0.160962440398061,37.8273328787182,-1.25415895636933,-0.0118482304351216,0.0211984463452252
217,51.5093717086989,-0.160962594069149,37.8270760755986,-1.24683419757167,-0.0184551675280194,0.0118687163920428
217.5,51.509366120147,-0.160962607308819,37.8197645233013,-1.25070777473651,-0.013192989909197,0.0118016592945039
218,51.5093604965494,-0.160962557434702,37.8361603617668,-1.24493345820123,-0.0012710942711754,-0.000747804325273105
218.5,51.5093549070946,-0.160962656763404,37.8571646020282,-1.24494510229945,-0.0122031966279361,-0.0156873781952804
219,51.509349236688,-0.16096260205493,37.8548995347228,-1.25336285892916,0.000942691223196318,-0.00680423248398765
219.5,51.5093435536731,-0.160962461888713,37.8601014618762,-1.25855032988098,0.00442738385571304,0.000730213231494692
220,51.5093379898108,-0.160962505833896,37.8799548200332,-1.24753596906846,-0.00502526748725793,-0.012916638944278
220.5,51.5093323200884,-0.160962386250065,37.8713661734946,-1.25936647622333,0.00339677721029899,-0.00499455173506813
221,51.5093267367938,-0.160962520463651,37.8820171037223,-1.24671357257494,-0.00245193468751449,-0.0137767265154964
221.5,51.5093211335676,-0.160962630779729,37.8728581608739,-1.24267757460648,-0.00475653368329659,-0.011634819374099
222,51.5093155216438,-0.160962519303588,37.86190841184,-1.24648007969634,0.00728805099328951,-0.0117255178745552
222.5,51.5093099131718,-0.160962500257612,37.8526409440674,-1.24738262196469,0.00256651373971283,-0.00299312629918969
223,51.509304382879,-0.160962637297373,37.8221248611808,-1.24518436110354,-0.00224129098716046,0.0102033816200557
223.5,51.5092988070266,-0.160962752607076,37.8061771870125,-1.24370048692958,-0.00854255799793236,0.0122835273818163
224,51.5092931984737,-0.160962879695397,37.8059332021512,-1.25343402903716,-0.0124498530111234,0.00318235003277878
224.5,51.5092876289208,-0.160962942483407,37.801015526522,-1.25001359095553,-0.00778155747754067,0.0124305035050024
225,51.5092819565572,-0.160962901986495,37.8096345011145,-1.25487086753338,-0.0028894340025374,0.00624426213700047
225.5,51.5092764021591,-0.160962956633489,37.8240023416001,-1.24853210010213,-0.00182195987168478,0.00793849091368182
226,51.5092707680124,-0.160963067336895,37.8105515814386,-1.25664487151048,-0.00386305473669856,0.0149398784655969
226.5,51.5092651275998,-0.160963084175283,37.7911933236755,-1.25318668903748,-0.00313938958469784,0.0150858117244923
227,51.5092594835684,-0.16096314351524,37.7754397445824,-1.25714145002935,-0.00630980690296766,0.0152990890922149
227.5,51.5092546400656,-0.160963083674356,37.7609330676496,-1.12876984476166,0.0206178321473744,0.0127507002378549
228,51.5092508166268,-0.160963089869471,37.7315295750741,-0.94665702094344,0.0367959327472665,0.0260099647176574
228.5,51.5092480331519,-0.160963174288585,37.7472428502515,-0.733912193475777,0.045283391075542,0.0144687422840962
229,51.5092463185496,-0.160963291748505,37.7317897300236,-0.49967282902896,0.0449021285855572,0.0212253001900641
229.5,51.5092449883341,-0.16096278094717,37.7181782925036,-0.360779846576369,0.0823139444324675,0.0252026325684235
230,51.5092437615963,-0.160961944437253,37.7130578875076,-0.291469345246633,0.114980544523907,0.0304294760843987
230.5,51.5092427211668,-0.160960751185244,37.7011233819649,-0.244942201433254,0.148323601511096,0.0265337960405218
231,51.5092421154233,-0.160959255602726,37.7104717995971,-0.170741617059162,0.192934233067243,0.0213392914410715
231.5,51.5092417234734,-0.160957584578624,37.7177054532804,-0.117064186432574,0.220010884661033,0.00866555060261052
232,51.509241634483,-0.160955828132053,37.7342904736288,-0.0569372492687644,0.239291168208462,-0.00580501268386046
232.5,51.5092417419239,-0.160953911535919,37.758283106843,0.00142826909636766,0.255813406692862,-0.0208663746885368
233,51.509242183189,-0.16095221511094,37.7697184716817,0.0625429354130387,0.244621921450341,-0.0167029463655279
233.5,51.5092428614721,-0.160950840257281,37.7684247409925,0.108947905490286,0.223640683906509,-0.0165791674267476
234,51.5092437872689,-0.160949834040955,37.7720052266959,0.155506807794457,0.185597225955909,-0.0102171509473876
234.5,51.5092447761356,-0.160949232252667,37.7657496221364,0.184659159148923,0.136972583517672,-0.0193626845282912
235,51.5092457717103,-0.160949083648548,37.7373598271515,0.199814593629846,0.0707140173770379,0.00206068320402295
235.5,51.5092476231053,-0.160949060981862,37.7407082410064,0.344914367946779,0.0520864860798759,-0.00554706500209562
236,51.5092506432917,-0.160949099850278,37.7527144360356,0.553274931189191,0.0552675584900038,-0.00524024310749616
236.5,51.5092546797775,-0.160949219075084,37.7494782907888,0.779796905893006,0.052080741567455,-0.00064253662298619
237,51.5092597960892,-0.160949046342601,37.7567815184593,1.01641350426813,0.0635673736249228,-0.000422761727902898
237.5,51.5092651888907,-0.160949006771251,37.7819171589799,1.12680179946759,0.0517464495274124,-0.0130627759377501
238,51.5092706187339,-0.160948796819408,37.7871348923072,1.18220646217448,0.0467930303529722,-0.0195334719088336
238.5,51.5092761827259,-0.160948728769992,37.7796130350325,1.21136237763719,0.0349269231990011,-0.0161201526392093
239,51.509281727875,-0.160948968558815,37.7848996650428,1.21885649308012,0.00185195806355275,-0.0130226871722509
239.5,51.5092872690744,-0.160949085278424,37.7620714700315,1.23046068086275,-0.00658921076061633,-0.00223508680524187
240,51.5092928233752,-0.160949133575772,37.7536706191022,1.23590829008048,-0.0125278696374131,0.00701379704140792
240.5,51.5092984068375,-0.160949069490845,37.7288873172365,1.2433094873583,-0.00671303493400204,0.0203100622212127
241,51.5093039027932,-0.160948967618698,37.700943389209,1.24067048623026,-0.00336586479846962,0.02176117858383
241.5,51.5093095709322,-0.160948928407695,37.6740666541737,1.24919506788104,-0.000459661931942778,0.0270041307021086
242,51.5093151224453,-0.160948941200445,37.6542879936751,1.23593400300527,-0.000162695771939838,0.0334741222502107
242.5,51.5093207614102,-0.160948709682336,37.6468574549071,1.2431932080426,0.0160503183681343,0.0283056119630793
243,51.5093264262455,-0.160948677075668,37.6526900858153,1.24833196765841,0.0132455733377575,0.0168990233298594
243.5,51.5093320336184,-0.160948856779454,37.6438441581558,1.25008338010241,-0.00547783356295429,0.0134950925487773
244,51.50933762629,-0.16094883797114,37.6484992865007,1.24820242727954,0.000335679737214274,0.0102898537241981
244.5,51.50934318567,-0.160948878242583,37.6399402017705,1.24178717671348,0.00159808180904055,0.0181612338913297
245,51.5093488019672,-0.160948931865834,37.6289177592844,1.2457428520548,-0.00131580480404924,0.0270074343493043
245.5,51.509354468871,-0.16094901583037,37.6253054286353,1.24801236177588,-0.0166957360831658,0.0186979705333179
246,51.5093599527525,-0.160948846999697,37.6308475446422,1.23351187134161,-0.00131732810107371,0.0107863567264612
246.5,51.5093655080402,-0.160948956071902,37.616523725912,1.23351524391277,-0.00325452691347426,0.0157497341736124
247,51.5093710961993,-0.160948903343049,37.618065539049,1.24114955490523,-0.000700436666136473,0.00677975290574895
247.5,51.5093765758686,-0.160948773397716,37.6226264499128,1.23344406402973,0.00207392590131698,0.0071132100076442
248,51.5093821411677,-0.160948917506118,37.6223753367085,1.23889133001679,-0.00294124228916794,0.00722852237616889
248.5,51.5093876534211,-0.160949033466943,37.6223839800805,1.2267780549431,-0.0066893844128211,0.00369594169116538
249,51.5093932812424,-0.160949097843022,37.6187297969591,1.23903089504679,-0.00910910246778232,-0.00191062656814533
249.5,51.5093988151768,-0.16094924405314,37.6331766291987,1.23425264946577,-0.0188924109912663,-0.0134323525458775
250,51.5094044413575,-0.160949389814653,37.6685716696084,1.24102011753075,-0.0234256991065729,-0.028469088136483
250.5,51.509409963305,-0.160949695556817,37.6607365182135,1.23371354880439,-0.026114316156068,-0.0135442827486885
251,51.5094155509922,-0.160949874331214,37.6734014402609,1.23468049362667,-0.0311818472891023,-0.02183001413659
251.5,51.5094211667249,-0.160950217720323,37.6422846850473,1.2451692751739,-0.0281069209847331,-0.0114429060315431
252,51.5094268143274,-0.16095043290354,37.6310096029192,1.24828646623328,-0.0238826138557112,-0.00548161108846934
252.5,51.509432457683,-0.160950436159676,37.6156683277804,1.2518427940485,-0.0145556721986351,0.00466159876260264
253,51.5094380081727,-0.160950480315886,37.6094394249376,1.2392569725259,-0.0151902827864868,0.00810282543705199
253.5,51.5094435358419,-0.160950434586784,37.6213350347243,1.23824047636899,-0.00507175067392161,-0.00188442461437777
254,51.5094492719876,-0.160950643791541,37.5804385319352,1.25901400493302,-0.0107255606728382,0.0190569136223779
254.5,51.5094548534361,-0.160950706616393,37.5671226254199,1.25494787422842,-0.0164222827436869,0.0231858624782526
255,51.5094604250484,-0.160950899104895,37.5484492338728,1.24964900216747,-0.0113247942655764,0.0240158310404455
255.5,51.509466060096,-0.160951010974083,37.5526303469669,1.25109092796165,-0.0130940921310018,0.0171516515004131
256,51.50947161146,-0.160950915072629,37.5482721508015,1.25445220054324,-0.00835878916445294,0.00873092681419041
256.5,51.5094772130329,-0.160950740262651,37.5565672335215,1.25205536091387,0.00608608484727933,0.00223405132643983
257,51.509482890155,-0.160950754224013,37.5384416587185,1.25576062224446,0.00368000182546961,0.0119005666721614
257.5,51.5094884413876,-0.160950706120015,37.5420726416633,1.24932465071883,0.0076358036756937,0.000649352439138773
258,51.5094940515057,-0.160950929627159,37.5097202050965,1.24276607237325,-0.00646526835087571,0.0131787243628787
258.5,51.5094997074342,-0.160950969858274,37.5175940641202,1.25374571903761,-0.00591567169096179,0.00634216472462767
259,51.5095052357199,-0.160950845574289,37.511753994273,1.24576322844223,0.00556723122693616,0.00840965914558589
259.5,51.5095107909449,-0.16095084953497,37.5041801375337,1.24444546870284,0.0068626653602726,0.0037948939401371
260,51.5095164725325,-0.160950731527513,37.5078282342292,1.25601146569494,0.0147439051821729,0.0026635544514545
260.5,51.5095220594122,-0.160950461621384,37.5099094372708,1.24810921310662,0.0225631880387213,-0.00521166524084882
261,51.5095277429523,-0.160950140770085,37.4999982900918,1.25586047710354,0.0397147238526365,-0.00492199488653877
261.5,51.5095333759613,-0.160949898674223,37.4948526150547,1.26135283786505,0.0445504874926943,0.00668844634278687
262,51.5095389998982,-0.160949346549023,37.4972194163129,1.26755323946782,0.0589049602402473,0.00304427233582727
262.5,51.5095447589253,-0.160948950620637,37.4986563015264,1.26877821679585,0.0566861138394668,-0.00282381721337699
263,51.5095505254851,-0.160948570589763,37.4836837274488,1.27138651742493,0.060930078665167,0.00490303585262442
263.5,51.5095561184216,-0.160948215018381,37.4883296929765,1.25429110790302,0.0468520748396985,-0.000473670684221328
264,51.5095616382251,-0.160947970617633,37.4767672547605,1.24385773528387,0.0351329464887853,-0.000215893454562299
264.5,51.509567184237,-0.160947693305935,37.4662446749862,1.24417554513976,0.0303464359037767,0.00648927868115534
265,51.5095727040164,-0.160947572470267,37.4696958854329,1.23803603684452,0.0162381886553785,-0.00252651992926833
265.5,51.5095782629137,-0.16094757460108,37.4887414206751,1.23310787783361,0.0069907189540569,-0.0151537652968653
266,51.5095831730142,-0.160947554402333,37.668196589686,1.24159415655641,0.0178267848215741,-0.0192279190091551
266.5,51.5095872889209,-0.160947605645854,37.8272484862246,1.12481917471894,-0.00224615572673223,-0.0141644095414679
267,51.5095906054372,-0.160947811107416,37.9876236214768,0.946978991343017,-0.0300854387819241,-0.0231057865000984
267.5,51.5095927215087,-0.160947794636494,38.1453123912215,0.731518862201002,-0.0279326728020945,-0.0163662516771196
268,51.5095937217705,-0.160947921380976,38.3218049618881,0.498102551436317,-0.0455320256208235,-0.014455786499037
268.5,51.5095944177121,-0.160948069245791,38.4816713121254,0.377206613553349,-0.0303446227678456,-0.0225687417526301
269,51.5095948347523,-0.160947544239827,38.6267412239686,0.304637211653819,0.0343698853956461,-0.00571262838815551
269.5,51.5095951652315,-0.160946591640829,38.8084962614812,0.260254886317081,0.0949056623096314,-0.00750784777632683
270,51.5095951790489,-0.160945175789148,38.9590826637577,0.200439023530277,0.155929886451394,-0.00241279689177615
270.5,51.5095949601258,-0.160943748882631,39.1230328967795,0.141663501779677,0.181488809366009,0.00302283524292783
271,51.5095945279089,-0.160942036412537,39.2704610743094,0.0783087508528802,0.211751087975185,-0.00249637205409411
271.5,51.5095937309528,-0.160940467026639,39.4492537113838,0.00829369621928111,0.214693194951139,-0.012998140567389
272,51.5095926196153,-0.160938780876492,39.6137810323853,-0.0704861551837328,0.228493106355474,-0.0153416945137454
272.5,51.5095913566203,-0.160937358179996,39.782322348794,-0.122848550125849,0.208376266023059,-0.0295189679280249
273,51.5095898222734,-0.160936456732731,39.9290495123714,-0.185311218482063,0.169482637318208,-0.0351599011701831
273.5,51.5095882685973,-0.160936238595029,40.0987677953672,-0.204461214700374,0.107469027295128,-0.0334457929908205
274,51.5095866444923,-0.160936166458818,40.2695575146936,-0.23347770291389,0.0593122282879539,-0.0499139775310867
274.5,51.5095842011369,-0.160936010512829,40.3960418545175,-0.367171130165438,0.0215387720814574,-0.0340295803869379
275,51.5095807545104,-0.160936122926075,40.5551653613802,-0.551515708128547,-0.00494054436448808,-0.0364546077178262
275.5,51.509576173954,-0.160936241365885,40.7004193863831,-0.77508546318097,-0.0330971868396847,-0.026990138537701
276,51.5095703494305,-0.160936414303592,40.8891283031553,-1.01972814718707,-0.0492547972431719,-0.0356000126352815
276.5,51.5095649134134,-0.160936375306877,40.8720391660463,-1.14988278158245,-0.0444565900592664,-0.0221591839701527
277,51.5095593766935,-0.160936251231376,40.8571736696176,-1.20552838806959,-0.0165190653971843,-0.00629582411605079
277.5,51.5095538147546,-0.160936154190668,40.859856698662,-1.23411926294168,-0.00494880202127266,-0.0141655122895904
278,51.5095481822664,-0.160935921049498,40.8500310028903,-1.24147378573239,0.00551819125591699,-0.00885705837844453
278.5,51.5095426221962,-0.160935819657305,40.8518169615418,-1.24007869394284,0.00827080617614393,-0.0128912837327717
279,51.5095369774056,-0.160935751254643,40.8391577326693,-1.25268545311309,0.0019882832391625,-0.0075382595370882
279.5,51.5095313549294,-0.160935681941347,40.8311673381831,-1.2620604677496,0.0052654326724796,0.00206561032588648
280,51.5095256340386,-0.16093569890769,40.8089694748633,-1.26580164237637,0.00270118473485936,0.0107728749007249
280.5,51.5095199852997,-0.160935675951989,40.8022269145586,-1.25963621224973,0.00329940139451997,0.00480786128154831
281,51.5095143917133,-0.160935553666853,40.8035612336826,-1.2503730808381,0.00765452857424962,-0.00278851294862459
281.5,51.5095088436801,-0.160935563533258,40.7785262977704,-1.24538355516611,0.0110978039889169,0.0136088274209144
282,51.5095033624837,-0.160935702368857,40.7445725966245,-1.23975053139658,0.000793337818152592,0.0196743094420121
282.5,51.5094978675855,-0.1609356570492,40.6926856823266,-1.24219669044601,0.00449816772095958,0.0358590438258934
283,51.5094923413384,-0.160935608572602,40.6663636532612,-1.24492714348003,-0.00185257863553327,0.0306063870480148
283.5,51.5094867918052,-0.160935503241516,40.6538855291437,-1.24581349827261,0.00103841851699076,0.0209280359496754
284,51.509481196436,-0.160935427367336,40.6412430426572,-1.24925035847408,0.0058843936425427,0.0167744422286876
284.5,51.5094755879719,-0.160935199155217,40.6331058600917,-1.24693359817275,0.0142411989750059,0.0119053707556899
285,51.5094700119481,-0.160934875569437,40.6295943167061,-1.24177482028944,0.0313855255128505,0.00372881726838481
285.5,51.5094644554871,-0.16093443655313,40.6195443146862,-1.2392618964023,0.0440540672086781,0.00300680384416352
286,51.5094589412612,-0.160934053179226,40.6084749123547,-1.2391333978477,0.0543891383261479,0.00298975517301814
286.5,51.5094533447578,-0.160933695082889,40.6058454266749,-1.23956908932203,0.0436106991759712,-0.00299125705692294
287,51.5094477422221,-0.160933264807145,40.567258376861,-1.25177337630231,0.0497822357897047,0.0116089716681279
287.5,51.5094420448189,-0.160932953235028,40.5304380615707,-1.25432104627124,0.0432221116215502,0.0159794293232747
288,51.5094363759847,-0.160932616685709,40.5083463729825,-1.2667099544771,0.04248277967969,0.00975944966001141
288.5,51.5094307812674,-0.160932432059871,40.4933778212871,-1.26430002375491,0.0304136976215684,0.00558201633664068
289,51.5094251900843,-0.1609321727942,40.4805229560006,-1.25555965145313,0.0342847386233186,0.0109426460761147
289.5,51.5094195843286,-0.160931952924419,40.4793739656452,-1.25848587348324,0.0261734362739687,0.00521318024485484
290,51.5094138970204,-0.160931904135895,40.4811306232587,-1.26495345467633,0.00926818935834613,-0.00601204923610477
290.5,51.5094082198896,-0.160931798081344,40.4867494155187,-1.26699521489426,0.00759215621804816,-0.0122244885219217
291,51.509402513907,-0.160931674923066,40.4839646196924,-1.27359020568536,0.00950809381010894,-0.0116346882493151
291.5,51.5093969343626,-0.160931634527733,40.4669971941039,-1.26389528458338,0.00772385025184435,-0.00453716978818508
292,51.5093912359951,-0.160931705182161,40.4625216801651,-1.26888374493647,-0.00253161335813946,-0.00259674458867931
292.5,51.5093855549407,-0.160931763213137,40.4619058882818,-1.27298360432283,-0.0067489492024979,-0.0113271114060711
293,51.5093799291991,-0.160931838202014,40.4436636031605,-1.26541139875067,-0.00509682820412397,-0.00433691501390809
293.5,51.5093743746809,-0.16093204772617,40.4224377148785,-1.25833699436234,-0.0142499748549751,-0.00342573014480763
294,51.5093687873942,-0.160932309669377,40.4264376186766,-1.24716790615947,-0.0257202473793806,-0.00908457740881985
294.5,51.5093632093624,-0.160932496611766,40.4589031480718,-1.24893150365719,-0.0258544203543191,-0.0303196146932834
295,51.5093576750413,-0.160932776688927,40.4634025529958,-1.24797367215783,-0.0305038943457593,-0.0355449813599225
295.5,51.5093521428879,-0.160933089404747,40.4772054795176,-1.24114975075583,-0.0364250893054282,-0.0372712697990218
296,51.5093465814038,-0.160933299871648,40.4795481401961,-1.24525769155138,-0.0404121479723924,-0.0453725554184279
296.5,51.5093410499995,-0.160933434127242,40.484880059259,-1.23180613331303,-0.0244713383944555,-0.0425626280959811
297,51.5093354877122,-0.160933260390701,40.4950942508876,-1.23855242241934,0.00210410038237208,-0.0356047072244809
297.5,51.5093300508528,-0.160933352072218,40.5050004643854,-1.22885926094057,-0.00306197351315827,-0.0408965233665026
298,51.5093244370497,-0.160933486016574,40.4991138859186,-1.24749957499775,-0.00925077087712742,-0.0343978493795517
298.5,51.509318777452,-0.16093362993907,40.4797162059695,-1.25705871943142,-0.0160858390890301,-0.0178676810707702
299,51.509313227717,-0.160933735502504,40.4517596270889,-1.24516667062228,-0.0131659754622112,-0.00404989940867961
299.5,51.5093077621969,-0.160934044408638,40.4200299535878,-1.24378763809504,-0.0298899332591844,0.0118830352544969
300,51.5093022873043,-0.16093441711541,40.4262002329342,-1.24240435957573,-0.0411452741646897,0.00018856961681446
300.5,51.5092966791797,-0.160934570130836,40.4042216595262,-1.25555820762928,-0.0267981004508483,0.00450658531509796
301,51.5092910431072,-0.160934540586669,40.3927099851426,-1.25369978146022,-0.0156087999034602,0.00575363214851676
301.5,51.5092854988869,-0.160934704972812,40.4026580504142,-1.24352818000156,-0.0222686363996592,-0.0117136654206006
302,51.5092799257463,-0.160934836184074,40.3942352428567,-1.24111726756748,-0.0195923149885072,-0.0090287724336785
302.5,51.5092743742039,-0.160934728463815,40.4023720468394,-1.23662647768102,-0.00839995264955101,-0.0142210931522432
303,51.509268855242,-0.160934694636046,40.4089329703711,-1.23069955201056,0.000531628739154011,-0.0187982748680302
303.5,51.5092633162896,-0.160934734781018,40.3932644550223,-1.24092498577155,-0.00733037387164286,-0.00921725046825894
304,51.5092578072798,-0.160934864047375,40.3755245667417,-1.23068468622174,-0.00682939622182692,-0.0031332994648674
304.5,51.5092521723354,-0.160934927462651,40.3138656606898,-1.25122269109376,-0.00359601965026956,0.0149930564314388
305,51.5092466099651,-0.160934974515996,40.3132485013921,-1.25114411202583,0.00535364523320953,0.0100535399286924
305.5,51.5092419238498,-0.160935006611275,40.2896119186189,-1.10937436875391,0.0227601427554466,0.0217883139517613
306,51.5092381521225,-0.16093492811095,40.2757505378686,-0.932953939859861,0.0427631584445993,0.0179013777686968
306.5,51.5092354074319,-0.160935041895062,40.2689223662019,-0.723719374702011,0.0340825257022949,0.0159906430850678
307,51.5092338152686,-0.160935070097193,40.2722296931315,-0.485996704588688,0.0423758150639566,0.0156922785370236
307.5,51.5092324669924,-0.160934783055869,40.2685355541762,-0.368307044359213,0.0685633516647551,0.00828594634424187
308,51.5092313233627,-0.160934008080324,40.2530570977833,-0.28629998439164,0.098126900627359,0.00870604523256041
308.5,51.5092305216465,-0.160932901076103,40.2603862197138,-0.219087131377787,0.141924991941017,0.000477552898607334
309,51.5092299244167,-0.160931380331106,40.2693581676576,-0.164367707205802,0.186768554355544,-0.00701699593023872
309.5,51.5092295250205,-0.160929681822764,40.2844038472977,-0.116830034875829,0.218069353033543,-0.00979941299799732
310,51.509229476276,-0.16092827431226,40.2697786011267,-0.0562714978620537,0.226806602875641,0.000184440938188934
310.5,51.5092296917248,-0.160926554521873,40.2420191606507,0.0119236079940129,0.243526757180817,0.00851057665839102
311,51.5092300907253,-0.160924669616734,40.2359114773571,0.0597778529035213,0.248416768912669,0.00982255737794517
311.5,51.5092307260208,-0.160923276569138,40.211030799197,0.103660619367415,0.224756029422678,0.00981574377147643
312,51.5092316596565,-0.160922189428012,40.2287112623453,0.159398356725027,0.188784759016463,-0.00318641010397439
312.5,51.509232678622,-0.160921407761695,40.2135120744351,0.182048779821042,0.149787730717274,0.000261683848173891
313,51.5092336861896,-0.16092090277997,40.2060395844746,0.195359250768267,0.0928199956393405,-0.0066261011169302
313.5,51.5092355432856,-0.160920670365304,40.213840262033,0.33513039762664,0.069288271285597,-0.00983471047513482
314,51.5092385453803,-0.160920511646445,40.2178075981792,0.538437777742994,0.0703795669405849,-0.00992863642866781
314.5,51.5092424679948,-0.160920492251083,40.1928518139757,0.752035228071997,0.0679222018987009,-0.00195866643766934
315,51.5092475531809,-0.160920504813423,40.1822489332408,0.991003164400021,0.0681507859465673,0.00365852939599381
315.5,51.5092528518324,-0.160920462305187,40.1671173276845,1.10880567405994,0.0525642832165426,0.00110933636474786
316,51.5092582828646,-0.160920171219402,40.1603023454081,1.17231204033144,0.0521898109428569,-0.0033546322435144
316.5,51.5092638718355,-0.160920075309186,40.1729147860315,1.20747397653059,0.0302742638584146,-0.00902181253681034
317,51.509269472203,-0.160920017055031,40.1563000227325,1.23750950812536,0.0253204818403166,-0.00401197179469304
317.5,51.5092751646196,-0.160919900548507,40.1399849448353,1.24953245137398,0.0294962761396839,0.00130411601241864
318,51.5092807827029,-0.160919676628243,40.133961772779,1.25043291068624,0.0232394258034137,-0.00758516798375197
318.5,51.5092864695184,-0.160919709569353,40.1118019046262,1.25093885884565,0.0150914668835962,-0.0101304597172759
319,51.5092921285348,-0.160919738819463,40.1066487366334,1.24979890078622,0.00670995455358866,-0.00934049026703887
319.5,51.5092978322593,-0.160919839992321,40.116827928694,1.24787236173706,0.00152167593577952,-0.0125852224591559
320,51.5093034979207,-0.16091982316494,40.1482196755242,1.25176337444291,0.000623166217989218,-0.033803007023106
320.5,51.5093092049149,-0.160919954536665,40.1475691252854,1.25529377435948,0.000665907264824132,-0.03090563256367
321,51.5093149125585,-0.160920096236121,40.1348214228638,1.25572638762094,-0.00668130484441099,-0.0281563855942302
321.5,51.5093204920747,-0.160920153683024,40.1228152427357,1.24317025827863,-0.00646154411094709,-0.0225531664862108
322,51.5093260416962,-0.160920122340554,40.1039277492091,1.23619155559161,-0.000998227958929161,0.000211927438212856
322.5,51.5093316615701,-0.160920266170175,40.0832828811835,1.23800588962898,-0.00902729300097602,0.00765314173181342
323,51.5093373100804,-0.160920505246535,40.0345287879463,1.2455906714095,-0.0152788813184612,0.0350371309270535
323.5,51.5093429628225,-0.160920704158148,40.0089909052476,1.24851753668207,-0.0178660001637608,0.0355471510051276
324,51.509348514324,-0.16092072237603,39.9835862689652,1.24150208073847,-0.0102340847243784,0.0325165249700292
324.5,51.5093541378238,-0.160920919718454,39.9572924459353,1.24508621280123,-0.0155999155399372,0.0269694253589299
325,51.5093598913463,-0.160921265168578,39.927310424624,1.26100903719056,-0.0283624640564386,0.0250315548003635
325.5,51.509365577594,-0.160921504152674,39.9087605345994,1.25831489940277,-0.0293256806837971,0.0212154135965197
326,51.5093712194914,-0.16092142653502,39.882535827579,1.25894418209931,-0.00285033926044182,0.0273520603897194
326.5,51.5093768910279,-0.160921506646126,39.8541148279328,1.25926616757085,-0.0102386024321671,0.0308647934057985
327,51.5093826340903,-0.160921645264484,39.8213912269566,1.2669243499579,-0.010486507584971,0.03398468594379
327.5,51.5093883152482,-0.160921727813774,39.7782956808805,1.26474622549281,-0.0113729782969427,0.0405870244581863
328,51.5093939090141,-0.160921800423152,39.7391135045327,1.24754800492527,-0.012354032137365,0.039598639342597
328.5,51.5093995371574,-0.160921840908032,39.7447589600924,1.24256374346831,-0.0132361370866525,0.0196174792018087
329,51.5094051163979,-0.160922042435443,39.7308354654815,1.23456770531578,-0.0172628167088993,0.0148138953557482
329.5,51.5094107539542,-0.160922268388155,39.715238484554,1.24304793795094,-0.0187156662640735,0.00708451527885723
330,51.5094163591231,-0.160922154931883,39.7330647974741,1.25397331329345,-0.00435666983626188,-0.00526369808367788
330.5,51.5094220309194,-0.160921923909228,39.7613349719904,1.24931605042064,0.00664517402218598,-0.0146143073703799
331,51.5094275933773,-0.160921767762776,39.7597306999378,1.2426396141209,0.0150262336428471,-0.01397812703211
331.5,51.5094333194495,-0.160921683807784,39.7751949799713,1.25609183479136,0.0231095414406648,-0.0219835366556741
332,51.5094389512605,-0.160921583794618,39.7670778410975,1.24388235044283,0.0116101080567506,-0.0206088240091417
332.5,51.5094445562073,-0.160921504083811,39.7644651252776,1.24339333883894,0.0123580157777798,-0.0208018937518873
333,51.5094502659568,-0.16092171297825,39.7301412287634,1.25735918128113,-0.00176556951137384,-0.00341782396697343
333.5,51.5094559188801,-0.160921561282158,39.7435105387121,1.24775624301558,0.000167691114789637,-0.0152099948287882
334,51.5094615273233,-0.160921390891544,39.7285087134223,1.2443953300318,0.00127993785264319,-0.00435924031988233
334.5,51.5094671524797,-0.160921475791251,39.7162558985874,1.24940047521354,-0.00666100483403467,-0.000827300105829432
335,51.5094727940396,-0.160921511302826,39.6911901347339,1.2445810429269,-0.00188695209936536,0.00658237476301538
335.5,51.5094783930254,-0.160921391204588,39.6616944875568,1.24766270632522,0.00513266797854191,0.017833314157229
336,51.5094840054773,-0.160921179208256,39.6616372335702,1.24243352618832,0.00258773465469497,0.0123806303125784
336.5,51.5094896258318,-0.160920901704154,39.6491198395379,1.24337308380051,0.0134197226324494,0.0127078995095803
337,51.5094953103519,-0.160920881863354,39.6538045217749,1.25255403221823,0.00613050296869229,-0.000625365671718225
337.5,51.5095009566461,-0.160920980990066,39.6418367733713,1.2523015165813,-0.0051790685716657,0.000623106968266507
338,51.5095065883404,-0.160920851315587,39.6405382556841,1.24864739569924,0.00434846631043856,-0.00285963525561528
338.5,51.5095121760592,-0.160920878199554,39.6189736803062,1.25049776804733,-0.00300845113708897,0.00306740353471291
339,51.5095177408449,-0.160920743125373,39.6129875092302,1.23772189205384,0.00323112153169757,-0.00300269000196218
339.5,51.5095233510663,-0.16092080694118,39.618354866514,1.24249193288126,-0.00197744631027576,-0.00589510117254288
340,51.5095289497807,-0.160920887423189,39.6087123723701,1.24139272344201,-0.00878879717273707,-0.00793077706756518
340.5,51.5095346372113,-0.160920963853286,39.6063392695505,1.2485018022442,-0.00189832551003596,-0.00897064424505345
341,51.5095402036081,-0.160920741678086,39.5944665130228,1.24823290197563,0.0116618031407716,0.00334276569577008
341.5,51.5095459508908,-0.160920710922626,39.6053288136609,1.25782830723562,0.00743298503982634,-0.00706958572922012
342,51.509551746615,-0.160920886063452,39.5778727994766,1.26594617852967,0.0008607284855444,0.0117039474204602
342.5,51.5095573777067,-0.160920928301075,39.5547929189634,1.25593648395372,-0.00394198233461833,0.0137945531829902
343,51.509562971932,-0.160920861827459,39.5149668045342,1.25137080210745,-0.00161575895678324,0.0294203987481048
343.5,51.5095685559506,-0.160920720107297,39.5042951426003,1.24110636038491,0.00290189591086397,0.024092654648722
344,51.5095735650786,-0.160921141323397,39.6600382693578,1.23974337281641,-0.0212221100772469,0.0171573359119725
344.5,51.5095776553526,-0.160921341096485,39.8038415485062,1.11426909292941,-0.0321716043587262,0.0110028042909061
345,51.5095808198349,-0.160921361435998,39.9748005664442,0.92931874758186,-0.0341519270018444,-0.00103709663580187
345.5,51.5095829480481,-0.160921470053776,40.1326231362764,0.720557429976744,-0.0386737407020561,-0.00369482956933209
346,51.5095839329712,-0.160921524422698,40.3022880037315,0.48046445465016,-0.0478681944260938,-0.0187953045033499
346.5,51.5095845737395,-0.160921264855193,40.44625064102,0.351351767555751,-0.0101359331853002,-0.0141762748789307
347,51.5095849793733,-0.160920596672623,40.5940305569675,0.274849381011405,0.0426771791331003,-0.0123920972726667
347.5,51.509585165517,-0.160919896997257,40.7310496594291,0.223934184582865,0.0813570269250678,0.00435673841204733
348,51.5095852520514,-0.160918684605138,40.8928434532136,0.181855572159984,0.135333673839231,-0.00132541467728882
348.5,51.5095850933006,-0.160917521145999,41.0266429940239,0.127658043487915,0.155166192770071,0.00781090137846039
349,51.5095845168051,-0.160915957136719,41.1983079512138,0.060245113483963,0.190960511665007,-0.000878462187020656
349.5,51.5095837503606,-0.160914528284934,41.3485944042914,0.00473693350255971,0.19953310010192,0.00411462010358377
350,51.5095827263964,-0.160913218345179,41.4827845951077,-0.0515122165712119,0.190184370842327,0.0063183326910716
350.5,51.50958160662,-0.160912099820352,41.6718567693606,-0.105906767216717,0.170296471641713,-0.0147720010781151
351,51.5095801977269,-0.160911309106129,41.8180810159538,-0.159190391186286,0.14088653551247,-0.00849137823293701
351.5,51.5095786684707,-0.160910878790521,41.9625858361833,-0.207811298172446,0.0954504932027822,-0.015233335052576
352,51.5095770109172,-0.16091095340008,42.1096449375618,-0.234806533394192,0.0452975331772666,-0.0230344905339487
352.5,51.5095744345042,-0.160911017167704,42.2618041618261,-0.372946382398738,0.00430492583505671,-0.0254655445264823
353,51.5095708854538,-0.160911251310595,42.3776176413521,-0.567538774979805,-0.0322371956832265,-0.00879124617376698
353.5,51.5095662644347,-0.160911434053531,42.5084348074161,-0.796124908625647,-0.0523782013888209,-0.00214074415698956
354,51.5095606109585,-0.160911817251253,42.6716438317671,-1.01787286463077,-0.075603555370532,-0.0173200494855049
354.5,51.5095553092198,-0.160911826680575,42.6813203699421,-1.12842070510021,-0.0480729516149155,-0.0199045393456398
355,51.5095499545615,-0.160911959036677,42.6734681599773,-1.18246203493428,-0.0382948116055394,-0.0208794748600756
355.5,51.5095444793057,-0.16091198900188,42.664809046546,-1.21849879857771,-0.024595783656258,-0.0202935453314177
356,51.5095389754169,-0.160912020503633,42.6572312554345,-1.22986027145458,-0.0166023457040959,-0.0165783248482497
356.5,51.5095334963335,-0.160912124261034,42.6580362624954,-1.22986680315409,-0.0168085288710726,-0.0186238339225969
357,51.5095278127719,-0.16091216191115,42.6680174258072,-1.25597450715337,-0.0147614757764448,-0.0251965644688792
357.5,51.5095222130599,-0.160912030176111,42.6784560868982,-1.2580381282844,0.000860927913397489,-0.0392432542820385
358,51.5095165857683,-0.160911701660612,42.6829065245111,-1.26301994632854,0.0162698747018818,-0.0379631197277899
358.5,51.5095109588234,-0.160911445777702,42.6967153714504,-1.2614303394814,0.0263846183701718,-0.0374886560680355
359,51.5095053144334,-0.160911276192863,42.7073712274432,-1.26684797304353,0.0207074772959541,-0.0379416166881384
359.5,51.5094996209008,-0.160910950567383,42.712092024507,-1.26679441423785,0.0209614603230923,-0.0333002166526724
360,51.5094939870342,-0.160910973454718,42.7043679510243,-1.26794534170786,0.0112480410086214,-0.0300258981270356
360.5,51.5094883657635,-0.160910910783937,42.7073468696326,-1.26550518417491,0.006114383726552,-0.0314069552980457
361,51.5094827512736,-0.160911047719375,42.7025513937697,-1.26211995737391,-0.00311029428238444,-0.0287022038884776
361.5,51.5094771910343,-0.160911077788124,42.7098093917593,-1.25724791697211,-0.00610150767902158,-0.0346414704251623
362,51.5094715621292,-0.16091104369055,42.6918812817894,-1.26083970056706,-0.00240137500356117,-0.0204492259151221
362.5,51.5094660602743,-0.160911039227884,42.6844333186746,-1.2510792711629,-0.000870841681428039,-0.0231636341836365
363,51.5094604240531,-0.160910906241339,42.7112393681891,-1.26059440832054,0.0028351826168404,-0.0347031663405403
363.5,51.5094549129882,-0.16091082004823,42.6913412613794,-1.24649316742082,0.00594257600020738,-0.0236787298250583
364,51.5094493332702,-0.160910797438767,42.6755959112197,-1.24236651689047,0.00295202752470942,-0.0143275112720906
364.5,51.5094437756261,-0.160910760958619,42.6587715605274,-1.24625882782672,0.00611910627344581,-0.00912691843981961
365,51.50943817635,-0.160910536700427,42.6413461996708,-1.25437490605429,0.0109126765736932,-0.00754089285520521
365.5,51.5094326122031,-0.160910499087988,42.63797993958,-1.25496985879095,0.00626027660805063,-0.0143653754726795
366,51.5094269209398,-0.160910525830742,42.637001615949,-1.27534123410807,0.00221849834085515,-0.0118426481579382
366.5,51.5094213129497,-0.160910445126538,42.6079583233222,-1.26144117383014,0.0111377783273969,-0.00251212679413226
367,51.5094158105637,-0.16091051692763,42.5935030858964,-1.25022875875954,0.0114203357099739,-0.000842446007543018
367.5,51.509410178942,-0.160910202307847,42.5801165779121,-1.2513652321563,0.0283057693148734,0.00423097801247996
368,51.5094046133422,-0.160910112471461,42.5499645147938,-1.25258277955599,0.0207514993804608,0.00736229843843872
368.5,51.5093990488374,-0.160909982712449,42.5505489800125,-1.24998847393392,0.0134743116700759,0.00238680556078508
369,51.509393482898,-0.160910152443856,42.5243250648491,-1.25100969674858,-0.00421156231523497,0.00290435116534238
369.5,51.5093878938904,-0.16091004391839,42.5298287381884,-1.25421126928132,0.00805188564368326,-0.00887966437826837
370,51.5093823560508,-0.160909882044916,42.5129951455165,-1.24437712596161,0.00976660080873864,-0.00129649122320818
370.5,51.5093769281215,-0.160909872740786,42.4900161810219,-1.23355387998099,0.00890600772089008,-0.00360329053378616
371,51.509371412082,-0.160909786005474,42.4740302080754,-1.23706001257795,0.00608191838613519,-0.00300663509239207
371.5,51.5093659141522,-0.160909832436641,42.4736687680706,-1.23603122551518,-0.00642788683178324,-0.0130621498750649
372,51.5093603067379,-0.160909789149284,42.4410303058103,-1.24167104341999,-0.000780555024536498,-0.00452439951308203
372.5,51.5093548921334,-0.160909892757763,42.4064607429318,-1.23282048277652,-0.0057877938443435,0.00484966471557857
373,51.5093493762156,-0.160909727757362,42.391649291385,-1.23974783131885,0.00321751649552998,0.00702741205779411
373.5,51.5093438399672,-0.160909511422719,42.3675227435306,-1.23915288950383,0.0176466952038824,0.00856767367085831
374,51.5093382986207,-0.160909196641042,42.3738607368432,-1.2408134752414,0.0207522368004912,0.00293059600390755
374.5,51.5093327735047,-0.160909082767365,42.3612962595653,-1.2461528137727,0.0234628721179824,-0.000936679908847271
375,51.5093271144947,-0.160908902665863,42.3847690685652,-1.2547814164434,0.0228671555807627,-0.0231202725786537
375.5,51.5093215710283,-0.160908828918579,42.3925566109829,-1.24967039468413,0.018404937093675,-0.0364033549479793
376,51.5093158802084,-0.160908531197134,42.3838050586637,-1.26229874721501,0.0211108541762555,-0.0355549265852907
376.5,51.5093102377518,-0.160908263282716,42.3908890935127,-1.2661125898305,0.025224530564204,-0.03461240160488
377,51.5093046833042,-0.160908325607328,42.3852194040082,-1.2507703148311,0.0111352243654288,-0.0299574624048039
377.5,51.5092991006603,-0.160908225141917,42.3560876168776,-1.24931158249108,0.0135914471831464,-0.0148259336498169
378,51.5092935811113,-0.160908229262717,42.3552176165394,-1.24223378595061,0.0128833347911018,-0.0160300670808853
378.5,51.5092879569609,-0.160908153212854,42.344120565569,-1.25801009252593,0.0164237135021435,-0.0171539134655815
379,51.5092824270659,-0.160908172256052,42.3237324359361,-1.2509325351169,0.0159450581327553,-0.00815006320080069
379.5,51.5092768105931,-0.160908343927443,42.2952299492899,-1.25934674654554,-0.00730625938957653,0.00356000074909313
380,51.5092712107777,-0.160908433777442,42.251229620073,-1.25507418625282,-0.0138353160628044,0.0179371851119741
380.5,51.5092655585657,-0.160908571702085,42.1984720153268,-1.26404225112506,-0.0206068466395486,0.0304693552999111
381,51.509260029326,-0.16090874435334,42.1506126234308,-1.25470068066518,-0.025779328842353,0.0413116286244248
381.5,51.5092545355596,-0.160908759234642,42.1408672963735,-1.24572344009305,-0.0150824120908036,0.0258784218179167
382,51.5092489792252,-0.160908941518232,42.1355327554047,-1.25105005371052,-0.0257778088132639,0.0206354945727064
382.5,51.5092434614561,-0.160909047483776,42.1350435239729,-1.25375935399909,-0.0171979230085566,0.00520519799446262
383,51.509237951922,-0.160909281987771,42.1354414240923,-1.25356543173029,-0.0294315537054295,-0.00588298064976345
383.5,51.5092332359478,-0.160909221619778,42.1304198626895,-1.12410666316122,0.00368503931964169,-0.00136080291013885
384,51.509229484443,-0.160909268801576,42.1183432184625,-0.937864694173177,0.0288759523362789,-0.00121957250229027
384.5,51.5092267837154,-0.160909314140099,42.1158862102311,-0.726797733419729,0.039183077430843,-0.00295558627414283
385,51.5092251717736,-0.160909494155464,42.1031162443105,-0.493831232562708,0.0435996492144408,-0.00214633403890907
385.5,51.5092237626749,-0.16090910452457,42.1076909278054,-0.377383967341299,0.0649091401177417,-0.00633276272477545
386,51.5092226049948,-0.160908120508033,42.1028595308308,-0.294203354775301,0.107981582929618,0.00610145189218639
386.5,51.5092217359559,-0.160907015078965,42.0750390752219,-0.233700279539849,0.136953465666732,0.0209360327479648
387,51.5092211778353,-0.160905635669618,42.0469389907084,-0.165029144699241,0.184133873078465,0.0276369031175043
387.5,51.5092208437549,-0.160904017537824,42.0241655018181,-0.109095195065974,0.22087042920775,0.0285729240454432
388,51.5092207667046,-0.160902155612813,42.014213899849,-0.0545423394747974,0.253094217272271,0.016664597875782
388.5,51.5092209521552,-0.160900352166852,41.9968561194837,0.000843312057828185,0.255404787138293,0.0135790838475528
389,51.5092213664726,-0.160898709374598,41.9815690950491,0.0514794467196969,0.251306781765793,0.00931196414195338
389.5,51.5092221160427,-0.16089755326466,41.9679343404714,0.111500123038644,0.213551349191051,0.00741476343022537
390,51.5092229707525,-0.160896444694571,41.9429239102174,0.148061567327021,0.183013943575544,0.00212090737018047
390.5,51.5092240615568,-0.160895858419726,41.9287932482548,0.191381522728416,0.140893680152834,-0.00137713772969124
391,51.509225239744,-0.160895713806574,41.9289100209717,0.218309358945061,0.0727391599986443,-0.00772253688031642
391.5,51.5092271895356,-0.160895530185858,41.9462283314206,0.348667937707002,0.0599382129566718,-0.0225750242383377
392,51.5092302088144,-0.160895450394893,41.9462740237359,0.551949877798414,0.0689402660923275,-0.0173697376788678
392.5,51.5092343220717,-0.160895511199431,41.9442187137902,0.774381645334034,0.0656127749525772,-0.00897406119864619
393,51.5092394716838,-0.160895619526489,41.9182701744139,1.00792560328222,0.0556650983119607,-0.0011257654116093
393.5,51.5092449261016,-0.160895658764852,41.8699635516386,1.12660302527199,0.0456135474386846,0.0183975077539174
394,51.5092505689549,-0.160895803422863,41.8595672298688,1.19023322124825,0.0174370751296284,0.00954790767262559
394.5,51.5092561435843,-0.160896088292757,41.8270135810599,1.21621192059631,-0.0125467686547699,0.0222680542279421
395,51.5092616756327,-0.160896055373137,41.7767873427365,1.22120311418316,-0.00859215467170609,0.0334436836024175
395.5,51.509267265533,-0.160896054330123,41.7728810545523,1.23422555670409,0.00105022543715392,0.0141158279271777
396,51.5092729216538,-0.1608962627615,41.7532314918935,1.23794988901937,-0.0131288747478317,0.00460023221846806
396.5,51.5092785361254,-0.160896266121663,41.7520686595235,1.23477523956603,-0.0125645561603744,0.00028878483231165
397,51.5092841642115,-0.160896467838942,41.7483031842858,1.24045591304911,-0.0234057936506446,-0.00183261652559019
397.5,51.509289710618,-0.160896550087752,41.7235545909498,1.23507219348489,-0.024613474962861,0.00805819551862785
398,51.5092954174487,-0.160896709600347,41.7377267677803,1.24340590953448,-0.022435375741017,-0.0102449551100403
398.5,51.5093011193719,-0.160896786030495,41.7301520737819,1.25163877926418,-0.0157059126335968,-0.00508717542472858
399,51.5093068496114,-0.160896942598273,41.7295223358087,1.26433899028802,-0.0235854464298799,-0.00579714100622919
399.5,51.509312509572,-0.160897004481558,41.7199774147011,1.25455435685095,-0.0149624051685724,-0.0104724326683495
400,51.5093181023087,-0.160896864499219,41.7247294462286,1.24733410078082,0.00467959446271097,-0.0146616824404473
400.5,51.5093238461368,-0.160896830071201,41.7283496141899,1.25414146915397,-0.00199776030555275,-0.0187700841552226
401,51.5093294085768,-0.160896710377702,41.7392991126981,1.23811399357079,0.0071113141114406,-0.0261832242584653
401.5,51.5093350699488,-0.160896746231025,41.7478071036749,1.24915066853844,0.00407703711789191,-0.0333295371357154
402,51.5093407757446,-0.160896759460643,41.7482520155609,1.24824238221767,-0.00840131675198131,-0.0362958260888078
402.5,51.5093464879138,-0.160897077945752,41.7132876296528,1.24345431664127,-0.021235912010892,-0.0236567916033654
403,51.5093521772851,-0.160897376432964,41.6910746421199,1.24909875513537,-0.0309723086735975,-0.00958222517750085
403.5,51.5093578892544,-0.160897753181144,41.6787800886668,1.25022447218581,-0.0418797958334166,-0.0134227474600994
404,51.5093634967339,-0.160897911871113,41.6915935731959,1.24752296405376,-0.0469401413575641,-0.0245586187616988
404.5,51.50936911926,-0.160898191633165,41.6853912430815,1.25086106034451,-0.0404757424784674,-0.0289460639915721
405,51.5093746255569,-0.16089814256128,41.6894644573331,1.23174195851739,-0.0228383973170603,-0.0247019736824561
405.5,51.5093803164419,-0.160898338081996,41.6826030947268,1.23726624542337,-0.0211001740557645,-0.0199979725928354
406,51.5093858782558,-0.160898304401515,41.6757006756961,1.2404922479004,-0.00508410412108942,-0.00993559365001484
406.5,51.5093915137528,-0.16089819861557,41.6646694119554,1.24047627781744,-0.00231177881935889,-0.0107885813435135
407,51.509397101226,-0.160898211872755,41.6269266810268,1.23810682223367,-0.00136952893704213,0.00768164519376269
407.5,51.5094027535012,-0.160898222609849,41.6150080370717,1.24331685798708,-0.00334984729235248,0.00365673455764615
408,51.5094084210007,-0.160898106506102,41.6009228811599,1.25786654619533,0.00127736645485874,0.00300966836425864
408.5,51.5094140607628,-0.160897909765267,41.6138691143133,1.2499054456139,0.00904221159271095,-0.0122682072470068
409,51.5094196430651,-0.16089786174244,41.5886382777244,1.23710644503246,0.00967972322631193,0.0108709883199248
409.5,51.5094253286045,-0.16089775418041,41.565954964608,1.25192761229151,0.0178747295244546,0.00896903801194848
410,51.5094310242402,-0.160897726463943,41.5292794534471,1.25354626247727,0.0132922157214785,0.018274130792723
410.5,51.5094366447392,-0.160897448610186,41.5115365679376,1.24447013794612,0.0183324281416736,0.0195347849147059
411,51.5094422993695,-0.160897327399728,41.4690922517329,1.24781932660603,0.0222192640684064,0.0359286575767397
411.5,51.5094478899747,-0.160897061276981,41.4409759980626,1.23896966169929,0.0238479841003502,0.0305163470536081
412,51.5094535202785,-0.160896997513404,41.4258056308609,1.23698657967488,0.0157395226793657,0.0178450302865488
412.5,51.5094590820401,-0.160896800544998,41.4174847593531,1.24202859253681,0.0204456610136128,0.00856328469286527
413,51.5094646200686,-0.160896487556488,41.4180656631943,1.23442908734321,0.0248375463281293,0.00648473756243706
413.5,51.509470295608,-0.160896409928744,41.4067562331911,1.24405620394215,0.0159276143040118,0.00862997553328848
414,51.5094758816649,-0.160896359555665,41.3822761347983,1.23708397741899,0.0122347917100769,0.00710819457059908
414.5,51.5094814422716,-0.160896348381108,41.3801081175916,1.23679415467965,-0.000885635050231877,-0.00159414439525185
415,51.5094870590302,-0.160896421914718,41.391496187076,1.23186553919844,-0.00902375696458637,-0.0164371118004495
415.5,51.5094926619163,-0.160896685423564,41.3433895106427,1.23491624177034,-0.00842171495487687,0.00655663975574927
416,51.5094983805468,-0.160896927716952,41.331575863529,1.25093693152968,-0.0167033382336147,0.00998863733173017
416.5,51.5095039147134,-0.160896816770791,41.3328206003644,1.23326008270254,-0.00219294695486198,0.00505718120535026
417,51.5095095359642,-0.160896925474282,41.3596490733325,1.23377671913261,-0.0161930764397852,-0.0196541270828937
417.5,51.5095151884853,-0.160897182580803,41.3512400409672,1.23193947856508,-0.030582348573231,-0.0131539902605122
418,51.5095208786637,-0.160897463189653,41.3590268637054,1.24149644316556,-0.0255051837884605,-0.0281918508384471
418.5,51.5095265146507,-0.160897605076955,41.3555690711364,1.24180245166023,-0.0220718063599784,-0.024896252821459
419,51.5095321510535,-0.160897567940125,41.3607621092815,1.24179573532305,-0.010330907533208,-0.0281793320395133
419.5,51.5095378070361,-0.160897542991239,41.3524069054984,1.23972281207536,-0.00178663180843916,-0.0236120628268515
420,51.5095433542011,-0.160897570706106,41.3576949909329,1.23887691110639,-0.00865566816271913,-0.0214828119500883
420.5,51.509548873766,-0.160897436096587,41.3418863490224,1.23455061472119,0.00250470278121802,-0.0129071356520466
421,51.5095545372917,-0.160897299949046,41.3581197741441,1.24735609577524,0.0118508646014013,-0.0166326011104277
421.5,51.5095601276046,-0.16089712576346,41.3382092190441,1.24112288601201,0.0165009306034045,-0.00902401058437363
422,51.5095651610154,-0.160897215896445,41.4680967808235,1.24398123770606,0.00818548926909532,0.00761633671878692
422.5,51.5095692385921,-0.160897247667703,41.6181504770648,1.11002708696356,-0.00699485581845445,0.000800436199470234
423,51.5095724708116,-0.160897323017133,41.7525194939226,0.929311290397422,-0.0296109344559512,-0.00340127140593582
423.5,51.5095745803532,-0.160897500783038,41.8746102922596,0.715606219650245,-0.0425740449814372,0.010685486660536
424,51.5095757030919,-0.160897484164266,42.0237641404383,0.50218678281049,-0.0457847413861019,-0.00397177083348982
424.5,51.5095760689456,-0.16089760602144,42.1897599799559,0.314944698827688,-0.050715411380217,-0.0151416871179782
425,51.5095757435767,-0.160897721702505,42.3460748142097,0.157998344428928,-0.0508103658389394,-0.0147356510782119
